SolidWorks IGES file using analytic representation for surfaces         S      1
1H,,1H;,33HFuther_Op_com4_SW_mirrored.SLDPRT,72HE:\CCBlade\test\S1223_30G      1
KW_AFFiles\origin\Futher_Op_com4_SW_mirrored.IGS,15HSolidWorks 2024,15HSG      2
olidWorks 2024,32,308,15,308,15,33HFuther_Op_com4_SW_mirrored.SLDPRT,   G      3
1.,2,2HMM,50,0.125,13H260505.121249,1E-08,499990.,13HAdministrator,,11, G      4
0,13H260505.121249;                                                     G      5
     314       1       0       0       0                        00000200D      1
     314       0       8       1       0                               0D      2
     128       2       0       0       0                        01010000D      3
     128       0       0    1550       0                               0D      4
     126    1552       0       0       0                        01010500D      5
     126       0       0       2       0                               0D      6
     126    1554       0       0       0                        01010000D      7
     126       0       0      23       0                               0D      8
     126    1577       0       0       0                        01010500D      9
     126       0       0       2       0                               0D     10
     126    1579       0       0       0                        01010000D     11
     126       0       0      77       0                               0D     12
     126    1656       0       0       0                        01010500D     13
     126       0       0       2       0                               0D     14
     126    1658       0       0       0                        01010000D     15
     126       0       0      23       0                               0D     16
     126    1681       0       0       0                        01010500D     17
     126       0       0       2       0                               0D     18
     126    1683       0       0       0                        01010000D     19
     126       0       0      47       0                               0D     20
     102    1730       0       0       0                        01010500D     21
     102       0       0       1       0                               0D     22
     102    1731       0       0       0                        01010000D     23
     102       0       0       1       0                               0D     24
     142    1732       0       0       0                        00010500D     25
     142       0       0       1       0                               0D     26
     144    1733       0       0       0                        00000000D     27
     144       0      -1       1       0                               0D     28
     128    1734       0       0       0                        01010000D     29
     128       0       0       4       0                               0D     30
     126    1738       0       0       0                        01010500D     31
     126       0       0      44       0                               0D     32
     126    1782       0       0       0                        01010000D     33
     126       0       0      37       0                               0D     34
     126    1819       0       0       0                        01010500D     35
     126       0       0      47       0                               0D     36
     126    1866       0       0       0                        01010000D     37
     126       0       0      47       0                               0D     38
     102    1913       0       0       0                        01010500D     39
     102       0       0       1       0                               0D     40
     102    1914       0       0       0                        01010000D     41
     102       0       0       1       0                               0D     42
     142    1915       0       0       0                        00010500D     43
     142       0       0       1       0                               0D     44
     144    1916       0       0       0                        00000000D     45
     144       0      -1       1       0                               0D     46
     128    1917       0       0       0                        01010000D     47
     128       0       0    1835       0                               0D     48
     126    3752       0       0       0                        01010500D     49
     126       0       0       2       0                               0D     50
     126    3754       0       0       0                        01010000D     51
     126       0       0      91       0                               0D     52
     126    3845       0       0       0                        01010500D     53
     126       0       0       2       0                               0D     54
     126    3847       0       0       0                        01010000D     55
     126       0       0      23       0                               0D     56
     126    3870       0       0       0                        01010500D     57
     126       0       0       2       0                               0D     58
     126    3872       0       0       0                        01010000D     59
     126       0       0      37       0                               0D     60
     126    3909       0       0       0                        01010500D     61
     126       0       0       2       0                               0D     62
     126    3911       0       0       0                        01010000D     63
     126       0       0      23       0                               0D     64
     102    3934       0       0       0                        01010500D     65
     102       0       0       1       0                               0D     66
     102    3935       0       0       0                        01010000D     67
     102       0       0       1       0                               0D     68
     142    3936       0       0       0                        00010500D     69
     142       0       0       1       0                               0D     70
     144    3937       0       0       0                        00000000D     71
     144       0      -1       1       0                               0D     72
     128    3938       0       0       0                        01010000D     73
     128       0       0       4       0                               0D     74
     126    3942       0       0       0                        01010500D     75
     126       0       0      85       0                               0D     76
     126    4027       0       0       0                        01010000D     77
     126       0       0      76       0                               0D     78
     126    4103       0       0       0                        01010500D     79
     126       0       0      91       0                               0D     80
     126    4194       0       0       0                        01010000D     81
     126       0       0      91       0                               0D     82
     102    4285       0       0       0                        01010500D     83
     102       0       0       1       0                               0D     84
     102    4286       0       0       0                        01010000D     85
     102       0       0       1       0                               0D     86
     142    4287       0       0       0                        00010500D     87
     142       0       0       1       0                               0D     88
     144    4288       0       0       0                        00000000D     89
     144       0      -1       1       0                               0D     90
314,79.2156862745098,81.9607843137255,93.3333333333333,;               1P      1
128,97,19,3,3,0,0,1,0,0,0.5,0.5,0.5,0.5,0.501953125,0.50390625,        3P      2
0.505859375,0.5078125,0.509765625,0.51171875,0.515625,                 3P      3
0.51953125,0.5234375,0.52734375,0.53125,0.53515625,0.5390625,          3P      4
0.54296875,0.546875,0.5546875,0.5625,0.5703125,0.578125,               3P      5
0.5859375,0.59375,0.6015625,0.609375,0.6171875,0.625,0.6328125,        3P      6
0.640625,0.6484375,0.65625,0.6640625,0.671875,0.6796875,0.6875,        3P      7
0.6953125,0.703125,0.7109375,0.71875,0.7265625,0.734375,               3P      8
0.7421875,0.75,0.7578125,0.765625,0.7734375,0.78125,0.7890625,         3P      9
0.796875,0.8046875,0.8125,0.8203125,0.828125,0.8359375,0.84375,        3P     10
0.8515625,0.859375,0.8671875,0.875,0.8828125,0.890625,                 3P     11
0.8984375,0.90625,0.9140625,0.921875,0.92578125,0.9296875,             3P     12
0.93359375,0.9375,0.94140625,0.9453125,0.94921875,0.953125,            3P     13
0.95703125,0.958984375,0.9609375,0.962890625,0.96484375,               3P     14
0.966796875,0.96875,0.970703125,0.97265625,0.974609375,                3P     15
0.9765625,0.978515625,0.98046875,0.982421875,0.984375,                 3P     16
0.986328125,0.9873046875,0.98828125,0.990234375,0.9921875,             3P     17
0.994140625,0.99609375,0.998046875,1.,1.,1.,1.,0.,0.,0.,0.,            3P     18
0.0518003983249931,0.112755508409042,0.169014604278062,                3P     19
0.221683172749889,0.274176191910027,0.326611662680101,                 3P     20
0.379083914803462,0.431136036985468,0.482939241249694,                 3P     21
0.534772531943281,0.586624996388408,0.638420106519717,                 3P     22
0.690167402775685,0.741862192069168,0.793518221994862,                 3P     23
0.845177221008872,1.,1.,1.,1.,1.,1.,1.,1.,1.,1.,1.,1.,1.,1.,1.,        3P     24
1.,1.,1.,1.,1.,1.,1.,1.,1.,1.,1.,1.,1.,1.,1.,1.,1.,1.,1.,1.,1.,        3P     25
1.,1.,1.,1.,1.,1.,1.,1.,1.,1.,1.,1.,1.,1.,1.,1.,1.,1.,1.,1.,1.,        3P     26
1.,1.,1.,1.,1.,1.,1.,1.,1.,1.,1.,1.,1.,1.,1.,1.,1.,1.,1.,1.,1.,        3P     27
1.,1.,1.,1.,1.,1.,1.,1.,1.,1.,1.,1.,1.,1.,1.,1.,1.,1.,1.,1.,1.,        3P     28
1.,1.,1.,1.,1.,1.,1.,1.,1.,1.,1.,1.,1.,1.,1.,1.,1.,1.,1.,1.,1.,        3P     29
1.,1.,1.,1.,1.,1.,1.,1.,1.,1.,1.,1.,1.,1.,1.,1.,1.,1.,1.,1.,1.,        3P     30
1.,1.,1.,1.,1.,1.,1.,1.,1.,1.,1.,1.,1.,1.,1.,1.,1.,1.,1.,1.,1.,        3P     31
1.,1.,1.,1.,1.,1.,1.,1.,1.,1.,1.,1.,1.,1.,1.,1.,1.,1.,1.,1.,1.,        3P     32
1.,1.,1.,1.,1.,1.,1.,1.,1.,1.,1.,1.,1.,1.,1.,1.,1.,1.,1.,1.,1.,        3P     33
1.,1.,1.,1.,1.,1.,1.,1.,1.,1.,1.,1.,1.,1.,1.,1.,1.,1.,1.,1.,1.,        3P     34
1.,1.,1.,1.,1.,1.,1.,1.,1.,1.,1.,1.,1.,1.,1.,1.,1.,1.,1.,1.,1.,        3P     35
1.,1.,1.,1.,1.,1.,1.,1.,1.,1.,1.,1.,1.,1.,1.,1.,1.,1.,1.,1.,1.,        3P     36
1.,1.,1.,1.,1.,1.,1.,1.,1.,1.,1.,1.,1.,1.,1.,1.,1.,1.,1.,1.,1.,        3P     37
1.,1.,1.,1.,1.,1.,1.,1.,1.,1.,1.,1.,1.,1.,1.,1.,1.,1.,1.,1.,1.,        3P     38
1.,1.,1.,1.,1.,1.,1.,1.,1.,1.,1.,1.,1.,1.,1.,1.,1.,1.,1.,1.,1.,        3P     39
1.,1.,1.,1.,1.,1.,1.,1.,1.,1.,1.,1.,1.,1.,1.,1.,1.,1.,1.,1.,1.,        3P     40
1.,1.,1.,1.,1.,1.,1.,1.,1.,1.,1.,1.,1.,1.,1.,1.,1.,1.,1.,1.,1.,        3P     41
1.,1.,1.,1.,1.,1.,1.,1.,1.,1.,1.,1.,1.,1.,1.,1.,1.,1.,1.,1.,1.,        3P     42
1.,1.,1.,1.,1.,1.,1.,1.,1.,1.,1.,1.,1.,1.,1.,1.,1.,1.,1.,1.,1.,        3P     43
1.,1.,1.,1.,1.,1.,1.,1.,1.,1.,1.,1.,1.,1.,1.,1.,1.,1.,1.,1.,1.,        3P     44
1.,1.,1.,1.,1.,1.,1.,1.,1.,1.,1.,1.,1.,1.,1.,1.,1.,1.,1.,1.,1.,        3P     45
1.,1.,1.,1.,1.,1.,1.,1.,1.,1.,1.,1.,1.,1.,1.,1.,1.,1.,1.,1.,1.,        3P     46
1.,1.,1.,1.,1.,1.,1.,1.,1.,1.,1.,1.,1.,1.,1.,1.,1.,1.,1.,1.,1.,        3P     47
1.,1.,1.,1.,1.,1.,1.,1.,1.,1.,1.,1.,1.,1.,1.,1.,1.,1.,1.,1.,1.,        3P     48
1.,1.,1.,1.,1.,1.,1.,1.,1.,1.,1.,1.,1.,1.,1.,1.,1.,1.,1.,1.,1.,        3P     49
1.,1.,1.,1.,1.,1.,1.,1.,1.,1.,1.,1.,1.,1.,1.,1.,1.,1.,1.,1.,1.,        3P     50
1.,1.,1.,1.,1.,1.,1.,1.,1.,1.,1.,1.,1.,1.,1.,1.,1.,1.,1.,1.,1.,        3P     51
1.,1.,1.,1.,1.,1.,1.,1.,1.,1.,1.,1.,1.,1.,1.,1.,1.,1.,1.,1.,1.,        3P     52
1.,1.,1.,1.,1.,1.,1.,1.,1.,1.,1.,1.,1.,1.,1.,1.,1.,1.,1.,1.,1.,        3P     53
1.,1.,1.,1.,1.,1.,1.,1.,1.,1.,1.,1.,1.,1.,1.,1.,1.,1.,1.,1.,1.,        3P     54
1.,1.,1.,1.,1.,1.,1.,1.,1.,1.,1.,1.,1.,1.,1.,1.,1.,1.,1.,1.,1.,        3P     55
1.,1.,1.,1.,1.,1.,1.,1.,1.,1.,1.,1.,1.,1.,1.,1.,1.,1.,1.,1.,1.,        3P     56
1.,1.,1.,1.,1.,1.,1.,1.,1.,1.,1.,1.,1.,1.,1.,1.,1.,1.,1.,1.,1.,        3P     57
1.,1.,1.,1.,1.,1.,1.,1.,1.,1.,1.,1.,1.,1.,1.,1.,1.,1.,1.,1.,1.,        3P     58
1.,1.,1.,1.,1.,1.,1.,1.,1.,1.,1.,1.,1.,1.,1.,1.,1.,1.,1.,1.,1.,        3P     59
1.,1.,1.,1.,1.,1.,1.,1.,1.,1.,1.,1.,1.,1.,1.,1.,1.,1.,1.,1.,1.,        3P     60
1.,1.,1.,1.,1.,1.,1.,1.,1.,1.,1.,1.,1.,1.,1.,1.,1.,1.,1.,1.,1.,        3P     61
1.,1.,1.,1.,1.,1.,1.,1.,1.,1.,1.,1.,1.,1.,1.,1.,1.,1.,1.,1.,1.,        3P     62
1.,1.,1.,1.,1.,1.,1.,1.,1.,1.,1.,1.,1.,1.,1.,1.,1.,1.,1.,1.,1.,        3P     63
1.,1.,1.,1.,1.,1.,1.,1.,1.,1.,1.,1.,1.,1.,1.,1.,1.,1.,1.,1.,1.,        3P     64
1.,1.,1.,1.,1.,1.,1.,1.,1.,1.,1.,1.,1.,1.,1.,1.,1.,1.,1.,1.,1.,        3P     65
1.,1.,1.,1.,1.,1.,1.,1.,1.,1.,1.,1.,1.,1.,1.,1.,1.,1.,1.,1.,1.,        3P     66
1.,1.,1.,1.,1.,1.,1.,1.,1.,1.,1.,1.,1.,1.,1.,1.,1.,1.,1.,1.,1.,        3P     67
1.,1.,1.,1.,1.,1.,1.,1.,1.,1.,1.,1.,1.,1.,1.,1.,1.,1.,1.,1.,1.,        3P     68
1.,1.,1.,1.,1.,1.,1.,1.,1.,1.,1.,1.,1.,1.,1.,1.,1.,1.,1.,1.,1.,        3P     69
1.,1.,1.,1.,1.,1.,1.,1.,1.,1.,1.,1.,1.,1.,1.,1.,1.,1.,1.,1.,1.,        3P     70
1.,1.,1.,1.,1.,1.,1.,1.,1.,1.,1.,1.,1.,1.,1.,1.,1.,1.,1.,1.,1.,        3P     71
1.,1.,1.,1.,1.,1.,1.,1.,1.,1.,1.,1.,1.,1.,1.,1.,1.,1.,1.,1.,1.,        3P     72
1.,1.,1.,1.,1.,1.,1.,1.,1.,1.,1.,1.,1.,1.,1.,1.,1.,1.,1.,1.,1.,        3P     73
1.,1.,1.,1.,1.,1.,1.,1.,1.,1.,1.,1.,1.,1.,1.,1.,1.,1.,1.,1.,1.,        3P     74
1.,1.,1.,1.,1.,1.,1.,1.,1.,1.,1.,1.,1.,1.,1.,1.,1.,1.,1.,1.,1.,        3P     75
1.,1.,1.,1.,1.,1.,1.,1.,1.,1.,1.,1.,1.,1.,1.,1.,1.,1.,1.,1.,1.,        3P     76
1.,1.,1.,1.,1.,1.,1.,1.,1.,1.,1.,1.,1.,1.,1.,1.,1.,1.,1.,1.,1.,        3P     77
1.,1.,1.,1.,1.,1.,1.,1.,1.,1.,1.,1.,1.,1.,1.,1.,1.,1.,1.,1.,1.,        3P     78
1.,1.,1.,1.,1.,1.,1.,1.,1.,1.,1.,1.,1.,1.,1.,1.,1.,1.,1.,1.,1.,        3P     79
1.,1.,1.,1.,1.,1.,1.,1.,1.,1.,1.,1.,1.,1.,1.,1.,1.,1.,1.,1.,1.,        3P     80
1.,1.,1.,1.,1.,1.,1.,1.,1.,1.,1.,1.,1.,1.,1.,1.,1.,1.,1.,1.,1.,        3P     81
1.,1.,1.,1.,1.,1.,1.,1.,1.,1.,1.,1.,1.,1.,1.,1.,1.,1.,1.,1.,1.,        3P     82
1.,1.,1.,1.,1.,1.,1.,1.,1.,1.,1.,1.,1.,1.,1.,1.,1.,1.,1.,1.,1.,        3P     83
1.,1.,1.,1.,1.,1.,1.,1.,1.,1.,1.,1.,1.,1.,1.,1.,1.,1.,1.,1.,1.,        3P     84
1.,1.,1.,1.,1.,1.,1.,1.,1.,1.,1.,1.,1.,1.,1.,1.,1.,1.,1.,1.,1.,        3P     85
1.,1.,1.,1.,1.,1.,1.,1.,1.,1.,1.,1.,1.,1.,1.,1.,1.,1.,1.,1.,1.,        3P     86
1.,1.,1.,1.,1.,1.,1.,1.,1.,1.,1.,1.,1.,1.,1.,1.,1.,1.,1.,1.,1.,        3P     87
1.,1.,1.,1.,1.,1.,1.,1.,1.,1.,1.,1.,1.,1.,1.,1.,1.,1.,1.,1.,1.,        3P     88
1.,1.,1.,1.,1.,1.,1.,1.,1.,1.,1.,1.,1.,1.,1.,1.,1.,1.,1.,1.,1.,        3P     89
1.,1.,1.,1.,1.,1.,1.,1.,1.,1.,1.,1.,1.,1.,1.,1.,1.,1.,1.,1.,1.,        3P     90
1.,1.,1.,1.,1.,1.,1.,1.,1.,1.,1.,1.,1.,1.,1.,1.,1.,1.,1.,1.,1.,        3P     91
1.,1.,1.,1.,1.,1.,1.,1.,1.,1.,1.,1.,1.,1.,1.,1.,1.,1.,1.,1.,1.,        3P     92
1.,1.,1.,1.,1.,1.,1.,1.,1.,1.,1.,1.,1.,1.,1.,1.,1.,1.,1.,1.,1.,        3P     93
1.,1.,1.,1.,1.,1.,1.,1.,1.,1.,1.,1.,1.,1.,1.,1.,1.,1.,1.,1.,1.,        3P     94
1.,1.,1.,1.,1.,1.,1.,1.,1.,1.,1.,1.,1.,1.,1.,1.,1.,1.,1.,1.,1.,        3P     95
1.,1.,1.,1.,1.,1.,1.,1.,1.,1.,1.,1.,1.,1.,1.,1.,1.,1.,1.,1.,1.,        3P     96
1.,1.,1.,1.,1.,1.,1.,1.,1.,1.,1.,1.,1.,1.,1.,1.,1.,1.,1.,1.,1.,        3P     97
1.,1.,1.,1.,1.,1.,1.,1.,1.,1.,1.,1.,1.,1.,1.,1.,1.,1.,1.,1.,1.,        3P     98
1.,1.,1.,1.,1.,1.,1.,1.,1.,1.,1.,1.,1.,1.,1.,1.,1.,1.,1.,1.,1.,        3P     99
1.,1.,1.,1.,1.,1.,1.,1.,1.,1.,1.,1.,1.,1.,1.,1.,1.,1.,1.,1.,1.,        3P    100
1.,1.,1.,1.,1.,1.,1.,1.,1.,1.,1.,1.,1.,1.,1.,1.,1.,1.,1.,1.,1.,        3P    101
1.,1.,1.,1.,1.,1.,1.,1.,1.,1.,1.,1.,1.,1.,1.,1.,1.,1.,1.,1.,1.,        3P    102
1.,1.,1.,1.,1.,1.,1.,1.,1.,1.,1.,1.,1.,1.,1.,1.,1.,1.,1.,1.,1.,        3P    103
1.,1.,1.,1.,1.,1.,1.,1.,1.,1.,1.,1.,1.,1.,1.,1.,1.,1.,1.,1.,1.,        3P    104
1.,1.,1.,1.,1.,1.,1.,1.,1.,1.,1.,1.,1.,1.,1.,1.,1.,1.,1.,1.,1.,        3P    105
1.,1.,1.,1.,1.,1.,1.,1.,1.,1.,1.,1.,1.,1.,1.,1.,1.,1.,1.,1.,1.,        3P    106
1.,1.,1.,1.,1.,1.,1.,1.,1.,1.,1.,1.,1.,1.,1.,1.,1.,1.,1.,1.,1.,        3P    107
1.,1.,1.,1.,1.,1.,1.,1.,1.,1.,1.,1.,1.,1.,1.,1.,1.,1.,1.,1.,1.,        3P    108
1.,1.,1.,1.,1.,1.,1.,1.,1.,1.,1.,1.,1.,1.,1.,1.,1.,1.,1.,1.,1.,        3P    109
1.,1.,1.,1.,1.,1.,1.,1.,1.,1.,1.,1.,1.,1.,1.,1.,1.,1.,1.,1.,1.,        3P    110
1.,1.,1.,1.,1.,1.,1.,1.,1.,1.,1.,1.,1.,1.,1.,1.,1.,1.,1.,1.,1.,        3P    111
1.,1.,1.,1.,1.,1.,1.,1.,1.,1.,1.,1.,1.,1.,1.,1.,1.,1.,1.,1.,1.,        3P    112
1.,1.,1.,1.,1.,1.,1.,1.,1.,1.,1.,1.,1.,1.,1.,1.,1.,1.,1.,1.,1.,        3P    113
1.,1.,1.,1.,1.,1.,1.,1.,1.,1.,1.,1.,1.,1.,1.,1.,1.,1.,1.,1.,1.,        3P    114
1.,1.,1.,1.,1.,1.,1.,1.,1.,1.,1.,1.,1.,1.,1.,1.,1.,1.,1.,1.,1.,        3P    115
1.,1.,1.,1.,1.,1.,1.,1.,1.,1.,1.,1.,1.,1.,1.,1.,1.,1.,1.,1.,1.,        3P    116
1.,1.,1.,1.,1.,1.,1.,1.,1.,1.,1.,1.,1.,1.,1.,1.,1.,                    3P    117
-39.054125452,118.706853591,200.,-38.568430321,118.866527689,          3P    118
200.,-37.595209508,119.180295464,200.,-36.12999061,                    3P    119
119.633775103,200.,-34.659488005,120.069651956,200.,                   3P    120
-33.183805667,120.48749526,200.,-31.703047566,120.886874252,           3P    121
200.,-29.722230637,121.394730244,200.,-27.234625908,                   3P    122
121.983276017,200.,-24.232735861,122.615310694,200.,                   3P    123
-21.216032263,123.173025512,200.,-18.186465934,123.656320863,          3P    124
200.,-15.145987694,124.065097138,200.,-12.096548363,                   3P    125
124.399254728,200.,-9.039924943,124.658651104,200.,                    3P    126
-5.977894438,124.843143737,200.,-1.890346989,124.989072217,            3P    127
200.,3.22372002,124.983510811,200.,9.352985083,124.676271205,          3P    128
200.,15.459607136,124.068654976,200.,21.528830475,                     3P    129
123.161457787,200.,27.545899396,121.955475302,200.,                    3P    130
33.496503701,120.455116669,200.,39.366333194,118.664791038,            3P    131
200.,45.141538217,116.589457292,200.,50.80826911,114.234074314,        3P    132
200.,56.352676215,111.603600987,200.,61.760909873,                     3P    133
108.702996195,200.,67.020277217,105.540528225,200.,72.11808538,        3P    134
102.124465369,200.,77.042862276,98.463279127,200.,81.78313582,         3P    135
94.565440999,200.,86.326255557,90.439624714,200.,90.659571034,         3P    136
86.094504001,200.,94.773823974,81.541404301,200.,98.659756098,         3P    137
76.791651056,200.,102.308589907,71.857250945,200.,                     3P    138
105.711547902,66.750210644,200.,108.859852585,61.482536833,            3P    139
200.,111.744726457,56.06623619,200.,114.360469358,50.514910279,        3P    140
200.,116.701381131,44.842160665,200.,118.761761616,                    3P    141
39.061588913,200.,120.535910655,33.186796588,200.,                     3P    142
122.020011584,27.232127496,200.,123.210247737,21.211925447,            3P    143
200.,124.103234893,15.140573388,200.,124.69558883,9.032454269,         3P    144
200.,124.987364146,2.902462494,200.,124.97861544,-3.234507534,         3P    145
200.,124.669397309,-9.363561413,200.,124.059764351,                    3P    146
-15.469804739,200.,123.15115665,-21.538687962,200.,                    3P    147
121.945014289,-27.555661534,200.,120.445211685,-33.506450728,          3P    148
200.,118.655623252,-39.376780818,200.,116.581042683,                   3P    149
-45.152553433,200.,114.226263671,-50.819670205,200.,                   3P    150
111.596079908,-56.364032765,200.,108.695285086,-61.771542744,          3P    151
200.,105.532259101,-67.03007652,200.,102.115381844,                    3P    152
-72.127510471,200.,98.453033212,-77.051720977,200.,                    3P    153
94.553593096,-81.790584415,200.,91.114065796,-85.575351504,            3P    154
200.,88.252997053,-88.498695779,200.,86.053931421,-90.63775947,        3P    155
200.,83.803061094,-92.722168832,200.,81.501845448,                     3P    156
-94.750714049,200.,79.151743862,-96.722185304,200.,                    3P    157
76.754045146,-98.635520842,200.,74.310038109,-100.489658905,           3P    158
200.,71.821291362,-102.283328107,200.,69.711359822,                    3P    159
-103.726602236,200.,68.002636615,-104.850082519,200.,                  3P    160
66.710907116,-105.677055998,200.,65.409192417,-106.48832552,           3P    161
200.,64.097654268,-107.283662199,200.,62.776454421,                    3P    162
-108.06283715,200.,61.445754625,-108.825621488,200.,                   3P    163
60.105716631,-109.571786328,200.,58.756504333,-110.301127205,          3P    164
200.,57.398281626,-111.013439657,200.,56.031212405,                    3P    165
-111.708519219,200.,54.655460564,-112.386161428,200.,                  3P    166
53.271449185,-113.046843907,200.,51.879601348,-113.691044279,          3P    167
200.,50.480340134,-114.319240168,200.,49.308463877,                    3P    168
-114.829797692,200.,48.367527875,-115.230298152,200.,                  3P    169
47.424321925,-115.625440863,200.,46.241095932,-116.109209641,          3P    170
200.,44.814595353,-116.673112538,200.,43.381585688,                    3P    171
-117.22003154,200.,41.942018438,-117.749117786,200.,                   3P    172
40.495845102,-118.259522412,200.,39.527293155,-118.586771842,          3P    173
200.,39.0419,-118.747,200.,-38.364017251,115.960913799,                3P    174
258.29279466,-37.896425901,116.122721081,258.291735776,                3P    175
-36.960465634,116.444659736,258.288846314,-35.553075843,               3P    176
116.921394271,258.28242195,-34.141118871,117.390812687,                3P    177
258.27413633,-32.723402111,117.851563117,258.264253831,                3P    178
-31.2987302,118.302293573,258.253030499,-29.390111123,                 3P    179
118.889105252,258.236492395,-26.987761229,119.594563009,               3P    180
258.213282353,-24.079160783,120.390921021,258.182776805,               3P    181
-21.145234878,121.130824079,258.15099028,-18.187744551,                3P    182
121.810731757,258.118800112,-15.207581079,122.427559236,               3P    183
258.086935706,-12.206807206,122.977437847,258.056149233,               3P    184
-9.186907022,123.459355733,258.026903862,-6.149361268,                 3P    185
123.872284701,257.999641337,-2.078360414,124.329566871,                3P    186
257.966458778,3.04480185,124.723782727,257.931938265,                  3P    187
9.223241063,124.893076317,257.90484912,15.409761755,                   3P    188
124.748064585,257.893411445,21.584137843,124.285030163,                3P    189
257.898114448,27.724254317,123.499152807,257.918902326,                3P    190
33.80993156,122.392753284,257.955176887,39.82143926,                   3P    191
120.96989461,258.006051991,45.739880486,119.234172226,                 3P    192
258.070324917,51.546336534,117.189868204,258.146520867,                3P    193
57.223110168,114.844229808,258.233133442,62.753570409,                 3P    194
112.205444517,258.32868353,68.127145757,109.285379457,                 3P    195
258.432116394,73.326853709,106.09302094,258.541682439,                 3P    196
78.337634556,102.638346135,258.655580325,83.153392742,                 3P    197
98.935803164,258.773525544,87.761884471,94.996058414,                  3P    198
258.894452051,92.148150612,90.828750961,259.016761065,                 3P    199
96.307088759,86.448076554,259.140298078,100.230461417,                 3P    200
81.867110364,259.264629554,103.907595401,77.097914382,                 3P    201
259.388489755,107.331812596,72.154013797,259.511398881,                3P    202
110.496350548,67.048975422,259.633016993,113.388997136,                3P    203
61.795187911,259.752102312,116.005000048,56.406445384,                 3P    204
259.868207911,118.343553038,50.897443264,259.981796973,                3P    205
120.398384131,45.281508363,260.09216183,122.16574158,                  3P    206
39.572453907,260.19912321,123.646622188,33.784202345,                  3P    207
260.303865637,124.834456999,27.929361711,260.406318207,                3P    208
125.723356938,22.020830107,260.506278145,126.314553641,                3P    209
16.072517892,260.604893111,126.608920405,10.098136229,                 3P    210
260.702924348,126.605494368,4.111057163,260.800884493,                 3P    211
126.30295739,-1.87531991,260.89937873,125.699848773,                   3P    212
-7.847656105,260.999107363,124.796683775,-13.792222589,                3P    213
261.101273693,123.59049255,-19.69557601,261.206773185,                 3P    214
122.077403723,-25.544629869,261.316497242,120.259914963,               3P    215
-31.325963262,261.43215739,118.139748086,-37.024509742,                3P    216
261.555663838,115.715935047,-42.625516688,261.688883215,               3P    217
112.989893326,-48.114229876,261.834031286,109.963514472,               3P    218
-53.476017301,261.993461111,106.643355609,-58.69540127,                3P    219
262.169914381,103.034755039,-63.75708023,262.366145743,                3P    220
99.141950321,-68.646138147,262.584913763,94.971499443,                 3P    221
-73.347630085,262.829046841,91.275612023,-77.094306307,                3P    222
263.056062527,88.190192912,-79.981462955,263.253118942,                3P    223
85.813792929,-82.089831756,263.408880428,83.377073233,                 3P    224
-84.139295854,263.572838322,80.881977539,-86.12791452,                 3P    225
263.745288023,78.33044452,-88.05375698,263.926502427,                  3P    226
75.724518808,-89.915185577,264.116454442,73.06623197,                  3P    227
-91.71055356,264.315092152,70.358492786,-93.437734851,                 3P    228
264.522618199,68.063242021,-94.818470364,264.703106157,                3P    229
66.206225117,-95.888290929,264.851282768,64.803630802,                 3P    230
-96.673119697,264.964316309,63.391780395,-97.440262492,                3P    231
265.079257842,61.970800154,-98.18922872,265.196039439,                 3P    232
60.540814181,-98.919525485,265.314593388,59.102006101,                 3P    233
-99.630624775,265.434863759,57.654556447,-100.321996553,               3P    234
265.556794061,56.198449006,-100.993378597,265.680306823,               3P    235
54.733669159,-101.644507237,265.805327631,53.261229099,                3P    236
-102.274977541,265.931602389,51.782128355,-102.884376793,              3P    237
266.058868923,50.299515012,-103.473796615,266.186014779,               3P    238
48.816493903,-104.044290699,266.311899005,47.335908135,                3P    239
-104.596529201,266.435775224,46.106463458,-105.04206333,               3P    240
266.536705673,45.126586531,-105.389860775,266.615387405,               3P    241
44.149510347,-105.731956332,266.692467188,42.934068415,                3P    242
-106.148986541,266.785390612,41.483922883,-106.636121473,              3P    243
266.886733854,40.041115035,-107.113478588,266.973210346,               3P    244
38.604915913,-107.583746044,267.040466447,37.17470059,                 3P    245
-108.049710274,267.084117271,36.224576407,-108.359184396,              3P    246
267.094538688,35.750346098,-108.514363245,267.094277918,               3P    247
-39.203424065,118.704770017,392.551882064,-38.719837578,               3P    248
118.868446452,392.55246593,-37.749869664,119.189336175,                3P    249
392.554059172,-36.289181464,119.652268383,392.557601551,               3P    250
-34.827453354,120.09623621,392.562170221,-33.365079347,                3P    251
120.521511865,392.567619407,-31.903639603,120.928090326,               3P    252
392.573807924,-29.953830138,121.446783867,392.582926994,               3P    253
-27.509649051,122.054101208,392.595724955,-24.561393679,               3P    254
122.726748056,392.612545639,-21.587938382,123.348039281,               3P    255
392.630072651,-18.593849733,123.909385979,392.647822231,               3P    256
-15.579358837,124.40487417,392.665392186,-12.548570026,                3P    257
124.825990798,392.682367772,-9.501488691,125.173559382,                3P    258
392.698493598,-6.437757273,125.448350452,392.713526087,                3P    259
-2.332094805,125.719964641,392.731822869,2.836911052,                  3P    260
125.879440073,392.750857395,9.064117778,125.749383164,                 3P    261
392.765794283,15.292840096,125.284206391,392.772100989,                3P    262
21.504877991,124.486206825,392.769507765,27.672029616,                 3P    263
123.348055729,392.75804538,33.771136588,121.874514371,                 3P    264
392.738043676,39.780911329,120.073748591,392.709991268,                3P    265
45.682030945,117.951642385,392.674551335,51.454848998,                 3P    266
115.514746743,392.632537074,57.08132558,112.7750699,                   3P    267
392.584779113,62.543990398,109.74565831,392.532093029,                 3P    268
67.834793508,106.441936682,392.475060401,72.939185972,                 3P    269
102.875373398,392.414645953,77.841951106,99.057888971,                 3P    270
392.351842938,82.538064292,95.008117972,392.286808233,                 3P    271
87.020482947,90.739070182,392.220129653,91.278452675,                  3P    272
86.261792258,392.152688763,95.306685562,81.590855726,                  3P    273
392.084570757,99.099403664,76.739940065,392.016014686,                 3P    274
102.648312438,71.720124038,391.947718475,105.953650212,                3P    275
66.545905293,391.879946684,109.012713327,61.231046887,                 3P    276
391.812886755,111.810907585,55.786291077,391.747223402,                3P    277
114.347138138,50.223838579,391.68320306,116.628968522,                 3P    278
44.558403508,391.62057033,118.650759412,38.800839504,                  3P    279
391.559715418,120.412306469,32.963349157,391.500737175,                3P    280
121.919629893,27.057776036,391.442982458,123.162123041,                3P    281
21.092435247,391.386490362,124.131396109,15.076635598,                 3P    282
391.331372697,124.83482855,9.022857188,391.276996647,                  3P    283
125.273144891,2.941655736,391.222942463,125.443015882,                 3P    284
-3.157249342,391.168927479,125.341905493,-9.262818472,                 3P    285
391.114617998,124.96691834,-15.363999213,391.059627874,                3P    286
124.318090434,-21.449525764,391.003293611,123.387647867,               3P    287
-27.50889224,390.94512145,122.161206902,-33.527970171,                 3P    288
390.884619874,120.639774186,-39.496780646,390.820845151,               3P    289
118.820076628,-45.395889644,390.752743999,116.693050187,               3P    290
-51.211187757,390.679287161,114.254063033,-56.923402429,               3P    291
390.59925287,111.499253468,-62.516832883,390.511343656,                3P    292
108.42999463,-67.968090108,390.414047755,105.044121674,                3P    293
-73.255098296,390.305846264,101.335752722,-78.355230678,               3P    294
390.185218114,97.305991745,-83.24640884,390.050603733,                 3P    295
93.691604164,-87.121701264,389.925427841,90.645672396,                 3P    296
-90.089609468,389.816771417,88.286098592,-92.245724019,                3P    297
389.730884915,85.853483792,-94.328356254,389.640478934,                3P    298
83.350027825,-96.33523798,389.545390592,80.77793636,                   3P    299
-98.264094054,389.445469414,78.139102118,-100.108526655,               3P    300
389.340730339,75.435421019,-101.862137166,389.231201992,               3P    301
72.671087194,-103.52182194,389.116772639,70.321028925,                 3P    302
-104.826530457,389.017252021,68.418576403,-105.82864795,               3P    303
388.935547801,66.981878064,-106.560659448,388.873221384,               3P    304
65.53665836,-107.274344523,388.809842904,64.082697246,                 3P    305
-107.966890652,388.745449818,62.619796987,-108.635511153,              3P    306
388.680079461,61.147665421,-109.275912024,388.613762673,               3P    307
59.666014907,-109.883803221,388.546530604,58.173794005,                3P    308
-110.454077446,388.47842597,56.669948779,-110.981628286,               3P    309
388.409489803,55.157236114,-111.467638229,388.339862211,               3P    310
53.638296863,-111.913199095,388.269687756,52.12353808,                 3P    311
-112.336751594,388.199579843,50.623393798,-112.756760077,              3P    312
388.130167589,49.14745448,-113.189156097,388.061862546,                3P    313
47.945674186,-113.573105574,388.006209744,47.004934788,                3P    314
-113.900725324,387.96282483,46.079239295,-114.24410144,                3P    315
387.920323226,44.952840476,-114.706879683,387.869085478,               3P    316
43.637854576,-115.277155526,387.813205063,42.34707884,                 3P    317
-115.823666772,387.765522137,41.069785421,-116.310517059,              3P    318
387.728437288,39.795189898,-116.701743841,387.704368331,               3P    319
38.939697727,-116.874547522,387.698621987,38.50853689,                 3P    320
-116.932709135,387.698765775,-46.617591212,152.004827071,              3P    321
537.213651232,-45.982282532,152.172370839,537.213498004,               3P    322
-44.707425493,152.484336836,537.213079879,-42.776105568,               3P    323
152.87973793,537.212150228,-40.81119189,153.205639053,                 3P    324
537.210951242,-38.815604705,153.462163255,537.209521175,               3P    325
-36.787493755,153.650550146,537.207897081,-34.053239543,               3P    326
153.808008915,537.205503903,-30.603823855,153.823712276,               3P    327
537.202145248,-26.451818421,153.534781443,537.197730884,               3P    328
-22.345789462,152.93103039,537.193131153,-18.283208401,                3P    329
152.05358683,537.188473012,-14.278702165,150.926495018,                3P    330
537.183862011,-10.328870002,149.585891751,537.179406994,               3P    331
-6.450304345,148.037920726,537.175174986,-2.661066064,                 3P    332
146.288972885,537.171229909,2.260530154,143.689977611,                 3P    333
537.166428162,8.141707587,139.968740357,537.161432804,                 3P    334
14.819231995,134.95490816,537.157512817,21.118930105,                  3P    335
129.501652251,537.155857706,27.02991818,123.651692913,                 3P    336
537.156538263,32.585507119,117.488799425,537.159546413,                3P    337
37.811134021,111.069653493,537.164795594,42.723770318,                 3P    338
104.433611591,537.172157575,47.344301892,97.618372347,                 3P    339
537.181458314,51.694962609,90.657523488,537.192484398,                 3P    340
55.797369415,83.575492465,537.205017839,59.668632493,                  3P    341
76.390574664,537.2188446,63.305110075,69.107462022,                    3P    342
537.233812054,66.742636235,61.752756651,537.249667022,                 3P    343
70.015742908,54.349183457,537.266148838,73.099316163,                  3P    344
46.883152272,537.28321633,76.000500777,39.362033685,                   3P    345
537.300715236,78.747023652,31.803235385,537.3184142,                   3P    346
81.32414154,24.200513854,537.336290864,83.725591533,                   3P    347
16.553543384,537.354282493,85.985558061,8.878614231,                   3P    348
537.372205924,88.095574467,1.175212957,537.389991729,                  3P    349
90.059195523,-6.55430232,537.407590714,91.939166445,                   3P    350
-14.292964367,537.424823187,93.745025641,-22.037790227,                3P    351
537.441624474,95.443256738,-29.797788269,537.458061601,                3P    352
97.086724244,-37.562275292,537.474032162,98.701176859,                 3P    353
-45.32700946,537.489510217,100.226133557,-53.105629686,                3P    354
537.504667174,101.683767385,-60.894838791,537.519492773,               3P    355
103.111943245,-68.68903402,537.53395767,104.470248923,                 3P    356
-76.497483357,537.548227941,105.752261153,-84.32130769,                3P    357
537.562413742,106.971690965,-92.157556534,537.576589255,               3P    358
108.139792761,-100.008651995,537.590842056,109.269563841,              3P    359
-107.876942399,537.605273482,110.338440061,-115.762436923,             3P    360
537.62005766,111.362538837,-123.661492288,537.635324169,               3P    361
112.386464304,-131.584311455,537.651202002,113.37962925,               3P    362
-139.525082611,537.667938829,114.332154909,-147.498270357,             3P    363
537.68581107,115.263063749,-155.496247516,537.70508884,                3P    364
116.168579862,-163.532180483,537.726092774,117.040842315,              3P    365
-171.604599643,537.749163377,117.851092442,-179.722669146,             3P    366
537.774697392,118.587347626,-187.889899734,537.803093433,              3P    367
119.254877151,-196.111220498,537.834750685,119.826004421,              3P    368
-204.389412478,537.870078438,120.195122656,-211.341708028,             3P    369
537.902929185,120.413861962,-216.938125637,537.931444617,              3P    370
120.534253912,-221.152726523,537.953984386,120.605612289,              3P    371
-225.384659377,537.977710233,120.619571648,-229.629951706,             3P    372
538.002664902,120.567753488,-233.884638352,538.028887886,              3P    373
120.446952148,-238.158260045,538.056375262,120.253976198,              3P    374
-242.460379606,538.085119519,119.975410823,-246.790923545,             3P    375
538.115149979,119.658376537,-250.413262193,538.141267841,              3P    376
119.336103108,-253.2957911,538.162710026,119.055816963,                3P    377
-255.445041727,538.179066765,118.732719547,-257.576655485,             3P    378
538.195699603,118.366978283,-259.696533294,538.212598711,              3P    379
117.958675244,-261.810476805,538.229754292,117.508149187,              3P    380
-263.930430032,538.24715825,117.015727075,-266.068325246,              3P    381
538.264802411,116.486552228,-268.241006879,538.282675566,              3P    382
115.925774704,-270.46531881,538.300766946,115.321068436,               3P    383
-272.733074827,538.319039781,114.660600871,-275.036469975,             3P    384
538.337456132,113.902294762,-277.306954904,538.355855021,              3P    385
113.004054004,-279.475963801,538.374071343,111.927722493,              3P    386
-281.485925632,538.391997093,110.850594047,-282.980318294,             3P    387
538.40660243,109.864986673,-284.04130012,538.417988223,                3P    388
108.791546019,-285.003794138,538.429142203,107.274601087,              3P    389
-286.005547294,538.442588868,105.224358768,-287.019477948,             3P    390
538.457253939,102.994592336,-287.979311139,538.469767688,              3P    391
100.628267989,-289.009637324,538.479500114,98.168363786,               3P    392
-290.235109493,538.485816691,96.49664262,-291.266785457,               3P    393
538.487324743,95.66050816,-291.857491256,538.487287007,                3P    394
-55.236743515,174.826673223,715.497740102,-54.371681858,               3P    395
174.969457222,715.497776949,-52.601943036,175.143418208,               3P    396
715.497877496,-49.892859873,175.105970901,715.49810105,                3P    397
-47.220799493,174.786064904,715.498389371,-44.622093393,               3P    398
174.216095036,715.498733261,-42.148768942,173.424782076,               3P    399
715.499123809,-38.9833553,172.114676911,715.499699299,                 3P    400
-35.209483275,170.074072103,715.500506958,-30.918872191,               3P    401
167.239309871,715.501568485,-26.745682833,164.243518188,               3P    402
715.502674588,-22.728428388,161.064293759,715.503794736,               3P    403
-18.870570559,157.704838154,715.504903548,-15.19731945,                3P    404
154.152873479,715.505974851,-11.689991518,150.440028599,               3P    405
715.506992527,-8.325069925,146.597111617,715.507941204,                3P    406
-4.009582508,141.355916225,715.509095885,1.112196506,                  3P    407
134.602307313,715.510297125,6.802034348,126.208589318,                 3P    408
715.511239768,12.122546155,117.576859121,715.511637775,                3P    409
17.160857531,108.801287406,715.51147412,21.915972957,                  3P    410
99.875020673,715.510750747,26.402662974,90.815126137,                  3P    411
715.509488471,30.647897363,81.642611629,715.507718127,                 3P    412
34.684044681,72.377549033,715.505481568,38.539735101,                  3P    413
63.035613797,715.502830114,42.230948241,53.625434637,                  3P    414
715.499816183,45.755488999,44.149400358,715.496491247,                 3P    415
49.089261689,34.602381449,715.492892006,52.284698569,                  3P    416
25.004139495,715.489079345,55.359525304,15.362867488,                  3P    417
715.485115945,58.239882045,5.65860047,715.481011706,                   3P    418
60.957357428,-4.096147278,715.476803725,63.566316417,                  3P    419
-13.883926633,715.472547635,65.997393651,-23.719327246,                3P    420
715.468248814,68.254672658,-33.599183348,715.463922348,                3P    421
70.371230778,-43.513930435,715.45961228,72.39117759,                   3P    422
-53.449838258,715.455335308,74.322002493,-63.405028619,                3P    423
715.451103261,76.157513532,-73.381067959,715.446959349,                3P    424
77.921689395,-83.37289469,715.442919125,79.648731807,                  3P    425
-93.372572877,715.438966471,81.334498624,-103.380615394,               3P    426
715.435126013,82.981476617,-113.39598862,715.431403988,                3P    427
84.596646258,-123.41741462,715.427759178,86.166740784,                 3P    428
-133.447680079,715.424194049,87.689027561,-143.484957711,              3P    429
715.42071566,89.179283837,-153.523798621,715.417284072,                3P    430
90.629605849,-163.568768184,715.413872797,92.027633656,                3P    431
-173.625376751,715.410463995,93.381246647,-183.684043577,              3P    432
715.407036609,94.697951673,-193.735184919,715.403566268,               3P    433
96.00062617,-203.789588767,715.4000111,97.30305564,                    3P    434
-213.859105776,715.396339946,98.598133245,-223.903798903,              3P    435
715.392521786,99.912575784,-233.957313032,715.388497063,               3P    436
101.253621997,-243.985973009,715.384199305,102.627303618,              3P    437
-254.02044817,715.379563559,104.037231816,-264.029806233,              3P    438
715.374512719,105.488111765,-274.032442151,715.368964906,              3P    439
106.988787716,-284.015827089,715.362824714,108.538623895,              3P    440
-293.985508006,715.355996286,110.123027848,-303.93510581,              3P    441
715.348383632,111.761031736,-313.873879531,715.339888328,              3P    442
113.180919948,-322.134581209,715.331988673,114.34464723,               3P    443
-328.73243463,715.325131536,115.232349511,-333.67339283,               3P    444
715.319711372,116.135910174,-338.604686193,715.314005992,              3P    445
117.060459711,-343.544803045,715.308005115,118.011169334,              3P    446
-348.512211967,715.301699245,118.981229213,-353.461547885,             3P    447
715.295089326,119.963776917,-358.34736902,715.288177163,               3P    448
120.962326403,-363.181720667,715.280955705,121.818581253,              3P    449
-367.210645724,715.274675114,122.530145782,-370.482885998,             3P    450
715.269518888,123.081551908,-372.982643368,715.265585565,              3P    451
123.65505102,-375.54905834,715.261585848,124.246561074,                3P    452
-378.155768946,715.257522101,124.852279916,-380.776738853,             3P    453
715.253396679,125.465357841,-383.367109311,715.24921153,               3P    454
126.07898258,-385.882059309,715.244968619,126.68188728,                3P    455
-388.257913136,715.240670642,127.262783629,-390.430996263,             3P    456
715.236320188,127.828982531,-392.422039841,715.2319261,                3P    457
128.386165422,-394.250517075,715.227497499,128.977260004,              3P    458
-396.117781176,715.223073098,129.645236941,-398.225222783,             3P    459
715.218692599,130.430922101,-400.758444646,715.214381974,              3P    460
131.217695365,-403.379143145,715.210869813,131.939014854,              3P    461
-405.843372621,715.208131859,132.725714263,-408.573566869,             3P    462
715.205449649,133.841525748,-412.524751303,715.202216114,              3P    463
135.227867417,-417.405631159,715.198689589,136.496846845,              3P    464
-421.703652881,715.195680393,137.496727933,-424.752864158,             3P    465
715.193340026,138.075781466,-425.887150282,715.191821072,              3P    466
138.077349339,-424.910684707,715.191458429,137.956032323,              3P    467
-423.875266589,715.191467504,-30.930407087,155.946512853,              3P    468
894.829611273,-30.195868165,155.998957718,894.829601712,               3P    469
-28.707495422,156.022151823,894.829575621,-26.464133938,               3P    470
155.830508805,894.829517612,-24.247138529,155.443308275,               3P    471
894.829442797,-22.114415513,154.875741966,894.829353562,               3P    472
-20.069414807,154.155748679,894.829252221,-17.443065326,               3P    473
153.01448605,894.829102889,-14.316918545,151.289211826,                3P    474
894.828893313,-10.753427977,148.912219977,894.828617862,               3P    475
-7.297869548,146.367360633,894.828330844,-3.973189557,                 3P    476
143.653685875,894.828040181,-0.786701005,140.779797094,                3P    477
894.82775246,2.247316827,137.743499111,894.827474472,                  3P    478
5.136768594,134.573549343,894.8272104,7.898731774,                     3P    479
131.278763773,894.826964232,11.42412551,126.767266596,                 3P    480
894.826664608,15.561200803,120.911916828,894.826352904,                3P    481
20.109851029,113.61663518,894.826108301,24.304281224,                  3P    482
106.100715489,894.826005024,28.204549949,98.429626083,                 3P    483
894.82604749,31.819853166,90.616230911,894.826235195,                  3P    484
35.168576229,82.683983585,894.826562738,38.27448155,                   3P    485
74.652613241,894.827022117,41.164991525,66.540965344,                  3P    486
894.827602472,43.86508093,58.364059475,894.828290487,                  3P    487
46.394530701,50.132190694,894.829072559,48.755458528,                  3P    488
41.850683614,894.829935333,50.926154887,33.518301942,                  3P    489
894.830869285,52.955271567,25.150080627,894.831858616,                 3P    490
54.86515997,16.754810583,894.832887062,56.595924454,                   3P    491
8.321831933,894.833952054,58.171853226,-0.141392434,                   3P    492
894.835043965,59.63862565,-8.623783755,894.83614836,                   3P    493
60.94463548,-17.131057854,894.837263843,62.090605593,                  3P    494
-25.661407847,894.8383865,63.108989849,-34.207753659,                  3P    495
894.839504901,64.026692424,-42.764528845,894.840614715,                3P    496
64.8510209,-51.330471316,894.841712871,65.59092051,                    3P    497
-59.90366214,894.842788157,66.264250095,-68.481895363,                 3P    498
894.843836538,66.886667329,-77.063678942,894.844862195,                3P    499
67.468210085,-85.647940636,894.84585874,68.016820908,                  3P    500
-94.234000947,894.846824552,68.522261165,-102.822908653,               3P    501
894.847770329,68.980831986,-111.414685605,894.848695429,               3P    502
69.399045767,-120.008249687,894.849598022,69.779697532,                3P    503
-128.603616543,894.85048847,70.115877482,-137.201372832,               3P    504
894.851373648,70.40049696,-145.801978016,894.852258183,                3P    505
70.642858074,-154.404053049,894.853147541,70.852198285,                3P    506
-163.006291478,894.854048045,71.037736082,-171.610810988,              3P    507
894.854970561,71.210322389,-180.218815068,894.855923173,               3P    508
71.379973367,-188.830157359,894.856913932,71.549735341,                3P    509
-197.42549481,894.85795829,71.732312706,-206.05673138,                 3P    510
894.859073497,71.929444559,-214.644828945,894.860276408,               3P    511
72.145737861,-223.271456496,894.861587029,72.3798945,                  3P    512
-231.880062379,894.863026608,72.634112663,-240.500747012,              3P    513
894.8646199,72.904930501,-249.119398401,894.86639178,                  3P    514
73.183422967,-257.741365092,894.868367156,73.475288967,                3P    515
-266.369058178,894.870571567,73.730985879,-273.56050341,               3P    516
894.872621415,73.937546848,-279.313790695,894.874400745,               3P    517
74.093007903,-283.627835059,894.8758072,74.248710936,                  3P    518
-287.940509619,894.877287665,74.404906587,-292.261830002,              3P    519
894.878844808,74.561704767,-296.601879229,894.880481091,               3P    520
74.71638405,-300.936194395,894.882196272,74.86640697,                  3P    521
-305.240579733,894.88398988,75.009855879,-309.513754534,               3P    522
894.885863746,75.127421566,-313.072993077,894.88749347,                3P    523
75.222083269,-315.954234764,894.888831437,75.294172163,                3P    524
-318.142201236,894.889852079,75.368461526,-320.367127091,              3P    525
894.890889948,75.443630257,-322.615543263,894.891944433,               3P    526
75.517386415,-324.872851149,894.893014921,75.587293444,                3P    527
-327.111699935,894.894100908,75.650785242,-329.304608089,              3P    528
894.895201883,75.70470859,-331.416315483,894.896317147,                3P    529
75.745984535,-333.411558055,894.897446028,75.773904856,                3P    530
-335.298465707,894.898586232,75.793416168,-337.089533642,              3P    531
894.899735391,75.814684184,-338.899265404,894.90088346,                3P    532
75.84773039,-340.8420389,894.902020137,75.902862976,                   3P    533
-343.024738075,894.903138683,75.976068779,-345.131988588,              3P    534
894.904050039,76.053856153,-347.026265874,894.904760499,               3P    535
76.145809098,-349.070555177,894.905456495,76.282422945,                3P    536
-351.925568084,894.906295551,76.417658418,-355.395287435,              3P    537
894.907210634,76.461502399,-358.473917572,894.907991478,               3P    538
76.354407883,-360.759182424,894.90859877,76.036792365,                 3P    539
-361.849358374,894.908992917,75.644472012,-361.503405663,              3P    540
894.909087018,75.393110519,-360.993247357,894.909084663,               3P    541
-19.591189727,145.388805393,1068.195084486,-18.905384236,              3P    542
145.398091923,1068.195087041,-17.520041651,145.334773617,              3P    543
1068.195094014,-15.439550898,145.025903209,1068.195109517,             3P    544
-13.410983274,144.519502692,1068.19512951,-11.45222661,                3P    545
143.843358189,1068.195153358,-9.595879363,143.022499,                  3P    546
1068.195180441,-7.232822912,141.758890779,1068.195220349,              3P    547
-4.443615131,139.906913588,1068.195276356,-1.303647196,                3P    548
137.41066347,1068.195349969,1.720761496,134.773024382,                 3P    549
1068.195426673,4.603645372,131.989753675,1068.19550435,                3P    550
7.344357365,129.061735174,1068.195581242,9.922068356,                  3P    551
126.002829732,1068.195655533,12.360191885,122.809742221,               3P    552
1068.195726104,14.665984196,119.537288387,1068.195791891,              3P    553
17.586134147,115.06844012,1068.195871963,20.987356468,                 3P    554
109.322508337,1068.195955265,24.644541486,102.205525179,               3P    555
1068.196020633,27.953469563,94.915374307,1068.196048233,               3P    556
30.992566032,87.515541017,1068.196036884,33.763285606,                 3P    557
80.011527175,1068.195986721,36.28132751,72.419621753,                  3P    558
1068.195899188,38.572327332,64.757413361,1068.195776422,               3P    559
40.667268862,57.03996802,1068.195621326,42.593508674,                  3P    560
49.279292528,1068.195437458,44.357112886,41.480146507,                 3P    561
1068.195228454,45.962444524,33.647102955,1068.194997884,               3P    562
47.405458885,25.782950822,1068.194748291,48.719283963,                 3P    563
17.895750283,1068.194483899,49.915099623,9.989945741,                  3P    564
1068.194209053,50.948393355,2.061350781,1068.193924441,                3P    565
51.841295542,-5.884650269,1068.193632635,52.631370024,                 3P    566
-13.841691645,1068.193337492,53.271696685,-21.811635547,               3P    567
1068.193039387,53.766124317,-29.792217164,1068.192739364,              3P    568
54.138143399,-37.780384043,1068.192440478,54.422769946,                3P    569
-45.771062127,1068.192143888,54.621767527,-53.764193236,               3P    570
1068.191850413,54.743609795,-61.759009002,1068.19156305,               3P    571
54.808459675,-69.75485958,1068.191282877,54.835380625,                 3P    572
-77.751023699,1068.191008776,54.827109895,-85.747087246,               3P    573
1068.190742456,54.78834705,-93.742563097,1068.190484349,               3P    574
54.71812359,-101.738061233,1068.190231596,54.608917334,                3P    575
-109.734362238,1068.189984369,54.466571147,-117.7297727,               3P    576
1068.189743157,54.293863679,-125.721715307,1068.18950519,              3P    577
54.082297515,-133.713913253,1068.189268632,53.828413186,               3P    578
-141.709682685,1068.189032246,53.539190753,-149.701482038,             3P    579
1068.188794571,53.222230443,-157.681481946,1068.188553917,             3P    580
52.886656393,-165.666167163,1068.18830738,52.543872822,                3P    581
-173.674652928,1068.188052801,52.205104876,-181.672861899,             3P    582
1068.187788027,51.876687081,-189.632232735,1068.187508929,             3P    583
51.560949031,-197.593942151,1068.187210897,51.265834435,               3P    584
-205.634435633,1068.186889427,50.995523661,-213.59035844,              3P    585
1068.186539172,50.749597631,-221.593685653,1068.186154454,             3P    586
50.530866345,-229.573087592,1068.185728657,50.336525542,               3P    587
-237.565427971,1068.185255133,50.157333314,-245.547760299,             3P    588
1068.184727227,50.000276587,-253.538859731,1068.184138112,             3P    589
49.892168639,-260.192783972,1068.183590303,49.815337048,               3P    590
-265.514903332,1068.183114789,49.762325885,-269.50400189,              3P    591
1068.182738923,49.713104941,-273.486624619,1068.182343278,             3P    592
49.667204127,-277.481887425,1068.181927142,49.624677429,               3P    593
-281.508655467,1068.181489855,49.588067876,-285.519088438,             3P    594
1068.181031485,49.559232803,-289.464350608,1068.180552154,             3P    595
49.540827378,-293.395226877,1068.180051376,49.526478393,               3P    596
-296.685344454,1068.179615842,49.512345732,-299.339342761,             3P    597
1068.179258279,49.499731437,-301.363320073,1068.178985519,             3P    598
49.48322289,-303.443993933,1068.178708155,49.464387059,                3P    599
-305.555020383,1068.178426351,49.448407387,-307.674263108,             3P    600
1068.17814027,49.439124417,-309.771057105,1068.177850047,              3P    601
49.440861178,-311.815224264,1068.177555819,49.457470329,               3P    602
-313.752774227,1068.177257772,49.492527943,-315.529731248,             3P    603
1068.176956085,49.55163617,-317.171483571,1068.176651373,              3P    604
49.619331556,-318.687157716,1068.176344268,49.682366875,               3P    605
-320.22741976,1068.176037454,49.72803081,-321.943402608,               3P    606
1068.175733684,49.744758725,-323.973831283,1068.17543476,              3P    607
49.723954637,-326.046006073,1068.175191206,49.679762911,               3P    608
-327.973327141,1068.17500134,49.613499137,-330.097171617,              3P    609
1068.17481534,49.509974788,-333.16052289,1068.174591108,               3P    610
49.379638569,-336.922364432,1068.174346557,49.267640759,               3P    611
-340.198648547,1068.174137882,49.199054696,-342.470557955,             3P    612
1068.173975587,49.199089215,-343.217220469,1068.173870254,             3P    613
49.261652739,-342.341415016,1068.173845106,49.312772068,               3P    614
-341.470921252,1068.173845735,-13.069477532,128.284278045,             3P    615
1242.313240024,-12.466248656,128.249732002,1242.313239339,             3P    616
-11.248714659,128.108361029,1242.313237469,-9.431955879,               3P    617
127.707975588,1242.313233313,-7.667446255,127.149399186,               3P    618
1242.313227952,-5.985196261,126.453852294,1242.313221559,              3P    619
-4.410684962,125.640871555,1242.313214298,-2.426988326,                3P    620
124.414820693,1242.313203598,-0.110365589,122.6431246,                 3P    621
1242.313188582,2.476689322,120.283986619,1242.313168845,               3P    622
4.982189863,117.813006517,1242.31314828,7.374685402,                   3P    623
115.241974591,1242.313127454,9.651654726,112.570652826,                3P    624
1242.313106839,11.797268098,109.797127681,1242.313086921,              3P    625
13.818503398,106.936896449,1242.313068,15.727978075,                   3P    626
103.991735881,1242.313050362,18.135058594,99.987663583,                3P    627
1242.313028894,20.906864174,94.83862985,1242.31300656,                 3P    628
23.936813267,88.52145053,1242.312989034,26.711166363,                  3P    629
82.083090552,1242.312981634,29.237721304,75.546552017,                 3P    630
1242.312984677,31.545043836,68.928030099,1242.312998126,               3P    631
33.650977036,62.243942062,1242.313021594,35.569488926,                 3P    632
55.503145165,1242.313054509,37.312461316,48.715244218,                 3P    633
1242.313096091,38.893008377,41.888143707,1242.313145388,               3P    634
40.360924088,35.03521805,1242.313201424,41.708248557,                  3P    635
28.158058644,1242.313263242,42.868774624,21.247153087,                 3P    636
1242.31333016,43.919877313,14.3178719,1242.313401046,                  3P    637
44.904270096,7.379707447,1242.313474734,45.733090239,                  3P    638
0.42154347,1242.313551041,46.431858598,-6.551831587,                   3P    639
1242.313629277,47.058040638,-13.531648048,1242.313708407,              3P    640
47.554826893,-20.521398624,1242.313788332,47.918826137,                3P    641
-27.520272073,1242.313868771,48.194203201,-34.522147177,               3P    642
1242.313948905,48.384584094,-41.527474962,1242.314028424,              3P    643
48.511037888,-48.53344327,1242.314107107,48.566180337,                 3P    644
-55.540733281,1242.314184152,48.556795761,-62.548484054,               3P    645
1242.314259269,48.496256832,-69.555408675,1242.314332757,              3P    646
48.399055055,-76.561812177,1242.31440416,48.273926368,                 3P    647
-83.56790003,1242.314473361,48.102868925,-90.573077173,                3P    648
1242.314541127,47.88755971,-97.577090019,1242.314607411,               3P    649
47.625455699,-104.579169204,1242.314672082,47.329966662,               3P    650
-111.580984462,1242.314735883,47.000720945,-118.580575533,             3P    651
1242.314799306,46.617387659,-125.577735941,1242.314862684,             3P    652
46.192657678,-132.572685419,1242.314926407,45.736807403,               3P    653
-139.566721735,1242.314990928,45.261723429,-146.560630004,             3P    654
1242.315057027,44.768551666,-153.545591897,1242.315125282,             3P    655
44.251188744,-160.532718726,1242.315196271,43.730025805,               3P    656
-167.530204189,1242.3152711,43.215510574,-174.527994545,               3P    657
1242.315351005,42.706577896,-181.505553399,1242.315437194,             3P    658
42.205152597,-188.506890785,1242.315531101,41.712303249,               3P    659
-195.496708067,1242.315634248,41.232291036,-202.494376162,             3P    660
1242.315748408,40.763757381,-209.490330011,1242.315875364,             3P    661
40.300374452,-216.48809637,1242.316016901,39.850039722,                3P    662
-223.487681752,1242.316174848,39.486638868,-229.320974929,             3P    663
1242.31632172,39.196861509,-233.988351973,1242.31644921,               3P    664
38.980526681,-237.487430932,1242.316549983,38.767982188,               3P    665
-240.990704896,1242.31665606,38.561656965,-244.494084157,              3P    666
1242.31676763,38.362025375,-247.994414114,1242.31688487,               3P    667
38.158662388,-251.494931248,1242.317007763,37.943700471,               3P    668
-255.002584694,1242.317136276,37.707846331,-258.492517508,             3P    669
1242.31727054,37.520695293,-261.403800333,1242.31738731,               3P    670
37.393238523,-263.743289072,1242.317483176,37.311263807,               3P    671
-265.502422302,1242.317556306,37.249836246,-267.262778529,             3P    672
1242.317630669,37.203747323,-269.030564352,1242.317706224,             3P    673
37.154300396,-270.796293395,1242.317782925,37.088217755,               3P    674
-272.555519476,1242.317860736,36.99042223,-274.301980485,              3P    675
1242.317939621,36.846290409,-276.036571687,1242.318019531,             3P    676
36.642230449,-277.760133852,1242.318100415,36.360850212,               3P    677
-279.451087096,1242.318182112,36.063324802,-281.148501969,             3P    678
1242.318264449,35.806616196,-282.863572526,1242.318346709,             3P    679
35.645687982,-284.605752028,1242.318428152,35.633673033,               3P    680
-286.392744584,1242.318508297,35.795737832,-287.924646877,             3P    681
1242.318573596,36.053412859,-289.19730912,1242.318624501,              3P    682
36.410187158,-290.497477641,1242.318674369,36.964661124,               3P    683
-292.134987642,1242.318734488,37.590853885,-294.070146034,             3P    684
1242.318800054,37.974628958,-295.939063878,1242.318856002,             3P    685
37.91608337,-297.669165436,1242.318899515,37.214807919,                3P    686
-299.195538217,1242.318927755,36.184689022,-300.036536186,             3P    687
1242.318934498,35.49543378,-300.402727602,1242.318934329,              3P    688
-8.134496331,110.437614371,1414.970165772,-7.647513355,                3P    689
110.328849928,1414.970165954,-6.656662722,110.015195469,               3P    690
1414.970166451,-5.160438683,109.325851063,1414.970167555,              3P    691
-3.684922803,108.475388733,1414.97016898,-2.2723989,                   3P    692
107.530300445,1414.970170678,-0.968542389,106.566550061,               3P    693
1414.970172608,0.641978441,105.257372239,1414.97017545,                3P    694
2.441945672,103.576630094,1414.97017944,4.384182429,                   3P    695
101.448924732,1414.970184684,6.240650211,99.183700749,                 3P    696
1414.970190148,8.04463723,96.798389393,1414.970195681,                 3P    697
9.771607202,94.329993987,1414.970201158,11.414633314,                  3P    698
91.812676736,1414.97020645,12.96715755,89.265328954,                   3P    699
1414.970211478,14.446009156,86.680774047,1414.970216164,               3P    700
16.327177337,83.194019832,1414.970221868,18.543673634,                 3P    701
78.738820484,1414.970227802,20.979452787,73.299451227,                 3P    702
1414.970232458,23.223269495,67.778319417,1414.970234425,               3P    703
25.30651677,62.196337483,1414.970233617,27.235917095,                  3P    704
56.558251859,1414.970230044,29.017630542,50.873330699,                 3P    705
1414.970223809,30.675693451,45.150618895,1414.970215064,               3P    706
32.210108899,39.393959257,1414.970204016,33.613321949,                 3P    707
33.6036505,1414.970190919,34.894021536,27.785634091,                   3P    708
1414.970176032,36.07041799,21.945902783,1414.970159608,                3P    709
37.192650658,16.094170104,1414.970141829,38.19246597,                  3P    710
10.221638214,1414.970122996,39.02273168,4.322415619,                   3P    711
1414.970103418,39.805106151,-1.583559445,1414.970083144,               3P    712
40.53722102,-7.495313177,1414.970062358,41.173586234,                  3P    713
-13.418985112,1414.970041335,41.707470877,-19.352266834,               3P    714
1414.9700201,42.14023032,-25.293582379,1414.969998729,                 3P    715
42.540492004,-31.237965719,1414.969977438,42.874974316,                3P    716
-37.18581603,1414.969956311,43.092933846,-43.139171096,                3P    717
1414.969935406,43.259799679,-49.094134272,1414.969914937,              3P    718
43.388524219,-55.049734181,1414.969894979,43.466868423,                3P    719
-61.006770507,1414.969875454,43.462574935,-66.963855659,               3P    720
1414.969856483,43.364393187,-72.920072237,1414.969838097,              3P    721
43.23555302,-78.875862182,1414.969820093,43.067304693,                 3P    722
-84.830134496,1414.969802482,42.835786124,-90.782887997,               3P    723
1414.969785299,42.542914021,-96.73320488,1414.969768348,               3P    724
42.187092791,-102.680095552,1414.969751497,41.778648437,               3P    725
-108.622848931,1414.969734658,41.319555104,-114.562942906,             3P    726
1414.969717727,40.820802067,-120.497841092,1414.969700584,             3P    727
40.283197621,-126.431494122,1414.969683022,39.700869324,               3P    728
-132.361648165,1414.969664887,39.062325243,-138.28604775,              3P    729
1414.969646026,38.391182603,-144.203825886,1414.969626145,             3P    730
37.702289943,-150.120193408,1414.969604914,36.996337882,               3P    731
-156.040312547,1414.969582014,36.277022279,-161.952910753,             3P    732
1414.969557064,35.547250521,-167.867787661,1414.969529659,             3P    733
34.801031427,-173.779132363,1414.969499328,34.042151895,               3P    734
-179.689856914,1414.969465597,33.282381411,-185.600103786,             3P    735
1414.969427992,32.520640471,-191.510343881,1414.969386027,             3P    736
31.88511589,-196.436253663,1414.969347005,31.372720166,                3P    737
-200.374848534,1414.969313132,30.987679889,-203.329320257,             3P    738
1414.969286358,30.60253874,-206.283923911,1414.969258175,              3P    739
30.22159147,-209.240448297,1414.969228532,29.84630854,                 3P    740
-212.199588691,1414.969197382,29.468511155,-215.154810434,             3P    741
1414.969164731,29.079593542,-218.102792198,1414.969130587,             3P    742
28.667570154,-221.044409109,1414.969094915,28.3233239,                 3P    743
-223.505691253,1414.96906389,28.065114957,-225.480181339,              3P    744
1414.96903842,27.884944808,-226.967033511,1414.969018991,              3P    745
27.721973196,-228.463807939,1414.968999233,27.577468439,               3P    746
-229.963098201,1414.968979159,27.439371281,-231.455441619,             3P    747
1414.968958781,27.291751493,-232.938131617,1414.968938107,             3P    748
27.118610993,-234.406650551,1414.968917149,26.90400844,                3P    749
-235.855185458,1414.968895918,26.63212299,-237.278796309,              3P    750
1414.968874428,26.286277706,-238.675152997,1414.968852722,             3P    751
25.890079928,-240.078312565,1414.968830846,25.497161819,               3P    752
-241.516280055,1414.968808991,25.163155434,-242.997938678,             3P    753
1414.968787353,24.952044983,-244.550856459,1414.968766059,             3P    754
24.916534575,-245.906029939,1414.96874871,25.013776837,                3P    755
-247.046168711,1414.968735185,25.186888429,-248.211055178,             3P    756
1414.968721936,25.558113184,-249.698448715,1414.968705963,             3P    757
26.078137656,-251.394421391,1414.968688543,26.497997591,               3P    758
-252.982017098,1414.968673678,26.613772896,-254.45086133,              3P    759
1414.968662117,26.228994043,-255.798040822,1414.968654614,             3P    760
25.508609615,-256.603106543,1414.968652823,25.00012784,                3P    761
-256.980208768,1414.968652868,-0.590104841,97.240533761,               3P    762
1589.054342599,-0.222974052,96.959261201,1589.054342551,               3P    763
0.492604484,96.340603706,1589.054342419,1.51333091,                    3P    764
95.303745274,1589.054342125,2.485153754,94.209938676,                  3P    765
1589.054341747,3.410818506,93.123387359,1589.054341295,                3P    766
4.302041696,92.072488034,1589.054340782,5.445801214,                   3P    767
90.700216699,1589.054340027,6.813127365,89.00518715,                   3P    768
1589.054338967,8.36274063,86.949267948,1589.054337573,                 3P    769
9.853522686,84.781087878,1589.054336121,11.272900052,                  3P    770
82.528232259,1589.054334651,12.624606342,80.216563095,                 3P    771
1589.054333196,13.90367582,77.877705735,1589.054331789,                3P    772
15.118620872,75.519764338,1589.054330453,16.279185119,                 3P    773
73.137721343,1589.054329208,17.766337465,69.935864656,                 3P    774
1589.054327692,19.52973756,65.873672457,1589.054326115,                3P    775
21.48898128,60.94159054,1589.054324877,23.298708418,                   3P    776
55.952924825,1589.054324354,24.955691476,50.912264682,                 3P    777
1589.054324568,26.495099167,45.833115998,1589.054325516,               3P    778
27.937035771,40.727030058,1589.054327171,29.260033602,                 3P    779
35.58840203,1589.054329493,30.470162918,30.421930616,                  3P    780
1589.054332427,31.578366512,25.232870732,1589.054335905,               3P    781
32.589241837,20.024173322,1589.054339859,33.509060144,                 3P    782
14.798704791,1589.054344221,34.352639926,9.560218452,                  3P    783
1589.054348943,35.117351264,4.309902847,1589.054353946,                3P    784
35.796357219,-0.952112092,1589.054359146,36.383030761,                 3P    785
-6.225243843,1589.054364531,36.889156515,-11.506926504,                3P    786
1589.054370052,37.338387862,-16.793341122,1589.054375636,              3P    787
37.72939962,-22.084401109,1589.054381277,38.059463653,                 3P    788
-27.379637855,1589.054386954,38.3044457,-32.679373193,                 3P    789
1589.054392609,38.486197459,-37.981859353,1589.054398222,              3P    790
38.641693895,-43.284995364,1589.054403775,38.715617907,                3P    791
-48.589675718,1589.054409213,38.70183404,-53.895520292,                3P    792
1589.054414515,38.654044306,-59.200959507,1589.054419702,              3P    793
38.557074727,-64.505423504,1589.054424742,38.387101089,                3P    794
-69.808270875,1589.054429627,38.164946187,-75.108930204,               3P    795
1589.054434411,37.887993008,-80.408365467,1589.05443909,               3P    796
37.555132639,-85.703852471,1589.054443656,37.156864248,                3P    797
-90.992481075,1589.05444816,36.711237572,-96.278451939,                3P    798
1589.054452638,36.233135839,-101.565891745,1589.054457113,             3P    799
35.715874145,-106.844162765,1589.054461612,35.119483233,               3P    800
-112.117445309,1589.054466168,34.478513627,-117.383618938,             3P    801
1589.054470835,33.806511784,-122.647059032,1589.054475654,             3P    802
33.10494285,-127.905106165,1589.054480667,32.369884047,                3P    803
-133.160445187,1589.05448595,31.600997684,-138.410341498,              3P    804
1589.054491592,30.812007675,-143.655804301,1589.054497678,             3P    805
30.008243012,-148.900685215,1589.054504308,29.191407863,               3P    806
-154.142589992,1589.05451159,28.365248253,-159.383159143,              3P    807
1589.05451965,27.530390742,-164.623034667,1589.054528613,              3P    808
26.688159282,-169.859503765,1589.054538605,25.838580084,               3P    809
-175.098829521,1589.054549755,25.123384667,-179.459817179,             3P    810
1589.054560123,24.553183579,-182.952406777,1589.054569122,             3P    811
24.126524969,-185.569498171,1589.054576236,23.70103303,                3P    812
-188.180515645,1589.054583723,23.269146933,-190.800904999,             3P    813
1589.054591599,22.827892311,-193.425021627,1589.054599875,             3P    814
22.384419347,-196.053686189,1589.054608549,21.952670382,               3P    815
-198.67241691,1589.05461762,21.550120721,-201.27009788,                3P    816
1589.054627097,21.229854637,-203.414290283,1589.05463534,              3P    817
20.953959678,-205.143940919,1589.054642106,20.730874769,               3P    818
-206.45184009,1589.054647268,20.485617096,-207.773731289,              3P    819
1589.054652517,20.213322644,-209.117284143,1589.05465785,              3P    820
19.912667352,-210.490714443,1589.054663264,19.61117124,                3P    821
-211.867044689,1589.054668756,19.329426732,-213.232089135,             3P    822
1589.054674324,19.090587217,-214.566013362,1589.054679964,             3P    823
18.918610371,-215.850749955,1589.054685673,18.832294622,               3P    824
-217.068924982,1589.054691439,18.854504031,-218.181379287,             3P    825
1589.054697251,18.926679795,-219.224925871,1589.054703057,             3P    826
18.951334463,-220.288739776,1589.054708805,18.849712976,               3P    827
-221.418196034,1589.054714462,18.582420106,-222.492577541,             3P    828
1589.054719071,18.219770968,-223.447643463,1589.054722664,             3P    829
17.742687037,-224.494161786,1589.054726185,16.895945507,               3P    830
-226.0235525,1589.054730429,15.534986948,-228.157888969,               3P    831
1589.054735057,14.068729793,-230.201234033,1589.054739007,             3P    832
12.771033535,-231.692688887,1589.054742079,11.913778715,               3P    833
-232.169372933,1589.054744072,11.810655904,-231.529039482,             3P    834
1589.054744548,11.919034444,-230.895672541,1589.054744535,             3P    835
-1.117398413,90.22718834,1763.253307556,-0.767395501,                  3P    836
90.006299178,1763.25330757,-0.076516865,89.502843788,                  3P    837
1763.253307606,0.925419556,88.620976723,1763.253307685,                3P    838
1.889308711,87.661893469,1763.253307787,2.807441594,                   3P    839
86.68553723,1763.253307909,3.677290081,85.73232018,                    3P    840
1763.253308047,4.777100767,84.481150345,1763.253308251,                3P    841
6.060379329,82.929532229,1763.253308536,7.491469662,                   3P    842
81.037004835,1763.253308912,8.867984282,79.043329839,                  3P    843
1763.253309302,10.189399659,76.966283204,1763.253309698,               3P    844
11.449142505,74.833755681,1763.25331009,12.640877392,                  3P    845
72.671090784,1763.253310468,13.767809329,70.492385444,                 3P    846
1763.253310828,14.843423186,68.289786745,1763.253311164,               3P    847
16.220861838,65.330047243,1763.253311572,17.85705588,                  3P    848
61.575030088,1763.253311998,19.667356118,57.011285719,                 3P    849
1763.253312333,21.333298803,52.393375497,1763.253312477,               3P    850
22.86248813,47.729317411,1763.253312423,24.281502595,                  3P    851
43.029276064,1763.253312172,25.606767277,38.30299842,                  3P    852
1763.253311732,26.828416806,33.548326423,1763.253311113,               3P    853
27.946887342,28.768453474,1763.25331033,28.96331736,                   3P    854
23.965964738,1763.253309401,29.889136985,19.145256096,                 3P    855
1763.253308345,30.732950173,14.309623023,1763.253307179,               3P    856
31.509721855,9.462713472,1763.253305916,32.208368872,                  3P    857
4.604060668,1763.253304578,32.816053823,-0.267403369,                  3P    858
1763.253303187,33.342438962,-5.147719832,1763.253301746,               3P    859
33.799105132,-10.034993415,1763.253300268,34.204362871,                3P    860
-14.926987671,1763.253298773,34.546867472,-19.823619457,               3P    861
1763.253297262,34.821059791,-24.724993723,1763.253295741,              3P    862
35.027488769,-29.628883351,1763.253294225,35.176834202,                3P    863
-34.535287254,1763.253292721,35.287023948,-39.443135997,               3P    864
1763.253291232,35.327191455,-44.351540223,1763.253289773,              3P    865
35.291932341,-49.259885737,1763.253288351,35.224050781,                3P    866
-54.168032316,1763.253286958,35.105695782,-59.075051712,               3P    867
1763.253285605,34.917089944,-63.980295617,1763.253284293,              3P    868
34.682656501,-68.882798725,1763.253283007,34.399809439,                3P    869
-73.784101049,1763.253281749,34.060318405,-78.680979586,               3P    870
1763.253280521,33.663935448,-83.571855814,1763.253279308,              3P    871
33.220843246,-88.459574415,1763.253278103,32.742071766,                3P    872
-93.346999864,1763.253276897,32.225155128,-98.226122632,               3P    873
1763.253275685,31.639172327,-103.101582835,1763.253274458,             3P    874
31.014194945,-107.970180492,1763.2532732,30.358047618,                 3P    875
-112.832645277,1763.253271901,29.666139619,-117.693721863,             3P    876
1763.253270549,28.944994309,-122.547497344,1763.253269125,             3P    877
28.198223288,-127.398590645,1763.253267605,27.431874908,               3P    878
-132.24754302,1763.253265965,26.651328138,-137.092672217,              3P    879
1763.253264179,25.861029699,-141.937776208,1763.253262219,             3P    880
25.06053533,-146.77972935,1763.253260049,24.250521645,                 3P    881
-151.621696356,1763.253257638,23.43644667,-156.460663128,              3P    882
1763.253254951,22.616933659,-161.301803051,1763.253251954,             3P    883
21.927903987,-165.332519549,1763.253249168,21.377084969,               3P    884
-168.55923251,1763.25324675,20.964603485,-170.977977136,               3P    885
1763.25324484,20.55314242,-173.392930568,1763.253242829,               3P    886
20.137937423,-175.815226853,1763.253240714,19.718012652,               3P    887
-178.236047059,1763.253238492,19.294971923,-180.660761977,             3P    888
1763.253236163,18.876977559,-183.081475603,1763.253233728,             3P    889
18.474957316,-185.485294701,1763.253231185,18.152149119,               3P    890
-187.480399349,1763.253228973,17.884411324,-189.085061486,             3P    891
1763.253227157,17.675631517,-190.295416349,1763.253225772,             3P    892
17.455560503,-191.515247221,1763.253224363,17.220000806,               3P    893
-192.747976589,1763.253222932,16.963807742,-193.996880795,             3P    894
1763.253221479,16.703568711,-195.245081406,1763.253220005,             3P    895
16.449218485,-196.486850595,1763.253218511,16.214444946,               3P    896
-197.706094051,1763.253216998,16.014094006,-198.888168323,             3P    897
1763.253215467,15.855492884,-200.030632214,1763.25321392,              3P    898
15.764511648,-201.120564649,1763.253212362,15.717804183,               3P    899
-202.171002334,1763.253210805,15.65826476,-203.231819212,              3P    900
1763.253209263,15.541626147,-204.344395874,1763.253207746,             3P    901
15.345006213,-205.375792109,1763.253206508,15.114921851,               3P    902
-206.257355541,1763.253205543,14.822697884,-207.18926095,              3P    903
1763.253204597,14.317326459,-208.47296987,1763.253203456,              3P    904
13.452701653,-210.203964246,1763.253202212,12.475234858,               3P    905
-211.847945625,1763.253201149,11.538643164,-213.11400286,              3P    906
1763.253200324,10.797173183,-213.711755092,1763.253199789,             3P    907
10.533279112,-213.47951676,1763.253199663,10.48308192,                 3P    908
-213.158352777,1763.253199667,0.228248472,80.767308917,                3P    909
1936.870725808,0.553244333,80.579029282,1936.870725803,                3P    910
1.193279657,80.156791892,1936.870725792,2.120523425,                   3P    911
79.428590231,1936.870725767,3.012116908,78.642366255,                  3P    912
1936.870725736,3.863438355,77.846993887,1936.870725699,                3P    913
4.675894031,77.059464595,1936.870725658,5.709803999,                   3P    914
76.008640864,1936.870725598,6.925467572,74.676593568,                  3P    915
1936.870725515,8.278520061,73.01901163,1936.870725406,                 3P    916
9.558121046,71.254917585,1936.870725293,10.764974465,                  3P    917
69.416702152,1936.870725178,11.908502417,67.521729269,                 3P    918
1936.870725064,12.99042975,65.607636359,1936.870724954,                3P    919
14.018556904,63.668478422,1936.870724849,14.991500116,                 3P    920
61.709428403,1936.870724751,16.220438638,59.064135289,                 3P    921
1936.87072463,17.638703541,55.690438447,1936.870724503,                3P    922
19.189876353,51.589122065,1936.870724399,20.609918537,                 3P    923
47.440972221,1936.870724346,21.897062099,43.249484613,                 3P    924
1936.870724348,23.06902948,39.023337186,1936.870724404,                3P    925
24.135160725,34.769837946,1936.870724511,25.090348477,                 3P    926
30.489933871,1936.870724668,25.949600699,26.189522826,                 3P    927
1936.87072487,26.731805122,21.874384847,1936.870725112,                3P    928
27.421971746,17.543893209,1936.87072539,28.027200732,                  3P    929
13.200455406,1936.870725698,28.586265376,8.85039801,                   3P    930
1936.870726033,29.065443757,4.491362529,1936.87072639,                 3P    931
29.442157061,0.122263655,1936.870726763,29.779638265,                  3P    932
-4.250374186,1936.87072715,30.071137131,-8.625345031,                  3P    933
1936.870727549,30.283406622,-13.005423235,1936.870727954,              3P    934
30.44113167,-17.388406322,1936.870728364,30.555348187,                 3P    935
-21.771166026,1936.870728779,30.621965936,-26.156639227,               3P    936
1936.870729194,30.636814433,-30.541187346,1936.870729607,              3P    937
30.59632056,-34.925433735,1936.870730018,30.50899828,                  3P    938
-39.309245441,1936.870730422,30.386467747,-43.69231165,                3P    939
1936.870730818,30.22742267,-48.07419446,1936.870731208,                3P    940
30.018611792,-52.453639645,1936.870731589,29.747300396,                3P    941
-56.829317918,1936.87073196,29.451003128,-61.20393488,                 3P    942
1936.870732326,29.122176211,-65.575125072,1936.870732687,              3P    943
28.762052407,-69.944816297,1936.870733041,28.34828643,                 3P    944
-74.308536248,1936.870733392,27.895668921,-78.668907887,               3P    945
1936.870733743,27.418763332,-83.028548867,1936.870734095,              3P    946
26.90956312,-87.38423541,1936.870734451,26.367691584,                  3P    947
-91.729351912,1936.870734813,25.792710677,-96.072983824,               3P    948
1936.870735184,25.190147555,-100.423162914,1936.870735569,             3P    949
24.56898743,-104.755978753,1936.870735968,23.919377777,                3P    950
-109.096243578,1936.870736389,23.243242502,-113.427264498,             3P    951
1936.870736837,22.55812661,-117.75534616,1936.870737319,               3P    952
21.865303093,-122.085857266,1936.870737842,21.159075804,               3P    953
-126.410240189,1936.870738413,20.444759086,-130.736500899,             3P    954
1936.870739041,19.724617972,-135.060469306,1936.870739736,             3P    955
18.997228069,-139.382683137,1936.870740506,18.265090164,               3P    956
-143.705911743,1936.870741361,17.653922384,-147.307451813,             3P    957
1936.870742152,17.165212187,-150.189359927,1936.870742836,             3P    958
16.798780063,-152.348945224,1936.870743376,16.432448446,               3P    959
-154.504538754,1936.870743943,16.063966391,-156.663744215,             3P    960
1936.870744538,15.690067122,-158.839515414,1936.870745162,             3P    961
15.317388477,-161.011643026,1936.870745815,14.950782711,               3P    962
-163.16355468,1936.870746497,14.59276564,-165.306850734,               3P    963
1936.870747208,14.297266461,-167.072927059,1936.870747825,             3P    964
14.052700174,-168.501564783,1936.870748332,13.86256143,                3P    965
-169.585111161,1936.870748719,13.663100598,-170.684892322,             3P    966
1936.870749112,13.455211572,-171.803765661,1936.870749511,             3P    967
13.240042229,-172.944627764,1936.870749917,13.02633445,                3P    968
-174.086662403,1936.870750327,12.824613923,-175.206063475,             3P    969
1936.870750743,12.640441412,-176.29582719,1936.870751164,              3P    970
12.479067172,-177.348560731,1936.870751588,12.352128033,               3P    971
-178.325830456,1936.870752016,12.266064576,-179.192163434,             3P    972
1936.870752446,12.17983274,-180.035045878,1936.870752877,              3P    973
12.061440625,-180.932086618,1936.870753304,11.889539308,               3P    974
-181.908634057,1936.870753726,11.687914823,-182.802661842,             3P    975
1936.870754073,11.464220793,-183.64386787,1936.870754346,              3P    976
11.192283341,-184.591056295,1936.870754614,10.748919816,               3P    977
-186.014834431,1936.870754939,10.149055819,-187.838805196,             3P    978
1936.870755296,9.530947543,-189.58451736,1936.870755601,               3P    979
8.986279493,-190.922674314,1936.870755837,8.606594201,                 3P    980
-191.523837248,1936.870755985,8.511188273,-191.253508097,              3P    981
1936.870756014,8.517188729,-190.899459282,1936.870756008,              3P    982
1.232580954,71.004254359,2110.423203195,1.530092017,                   3P    983
70.858279189,2110.4232032,2.117136817,70.537068103,                    3P    984
2110.423203211,2.969239971,69.992290085,2110.423203231,                3P    985
3.79161232,69.41118251,2110.423203253,4.579413174,68.819437912,        3P    986
2110.423203278,5.338537119,68.207933573,2110.423203303,                3P    987
6.310708769,67.369922755,2110.423203339,7.46284251,                    3P    988
66.271954522,2110.423203386,8.756498376,64.866919138,                  3P    989
2110.423203446,9.977456058,63.372950703,2110.423203509,                3P    990
11.124868083,61.809995091,2110.423203572,12.198592952,                 3P    991
60.200399597,2110.423203635,13.204827521,58.54977271,                  3P    992
2110.423203697,14.14757191,56.866030654,2110.423203756,                3P    993
15.033284574,55.154113713,2110.423203813,16.145645672,                 3P    994
52.837556763,2110.423203886,17.421379223,49.882709208,                 3P    995
2110.423203969,18.776836527,46.270554526,2110.423204052,               3P    996
19.969579317,42.601116828,2110.423204117,21.009302474,                 3P    997
38.885966969,2110.423204164,21.92829939,35.13884356,                   3P    998
2110.423204193,22.740787982,31.367997802,2110.423204203,               3P    999
23.451838658,27.576477906,2110.423204195,24.070563204,                 3P   1000
23.768946945,2110.423204171,24.601921695,19.948188071,                 3P   1001
2110.423204132,25.048195694,16.116694287,2110.423204079,               3P   1002
25.420799117,12.277404598,2110.423204012,25.729592801,                 3P   1003
8.432255639,2110.423203934,25.973636883,4.582917015,                   3P   1004
2110.423203846,26.160806161,0.729901367,2110.423203748,                3P   1005
26.290643099,-3.124213692,2110.423203641,26.368971044,                 3P   1006
-6.982246782,2110.423203526,26.402709738,-10.838700832,                3P   1007
2110.423203402,26.388344041,-14.694781589,2110.423203273,              3P   1008
26.324565524,-18.552228649,2110.423203136,26.228417299,                3P   1009
-22.407361298,2110.423202993,26.094553911,-26.262500747,               3P   1010
2110.423202845,25.923108616,-30.115424638,2110.423202692,              3P   1011
25.71469808,-33.966755394,2110.423202535,25.472427981,                 3P   1012
-37.816267502,2110.423202374,25.202864016,-41.663769466,               3P   1013
2110.423202208,24.906012876,-45.509076143,2110.423202039,              3P   1014
24.58174299,-49.352022481,2110.423201867,24.226912404,                 3P   1015
-53.192331965,2110.423201689,23.850439948,-57.031085452,               3P   1016
2110.423201507,23.450560494,-60.867005538,2110.423201321,              3P   1017
23.031820046,-64.700527933,2110.42320113,22.59161775,                  3P   1018
-68.531783935,2110.423200932,22.127413561,-72.360906265,               3P   1019
2110.423200728,21.645487141,-76.187325575,2110.423200518,              3P   1020
21.150075873,-80.011380405,2110.423200299,20.639416715,                3P   1021
-83.833812984,2110.423200072,20.110149923,-87.655647577,               3P   1022
2110.423199836,19.565359932,-91.477573244,2110.423199589,              3P   1023
19.013531622,-95.286978445,2110.423199331,18.452127004,                3P   1024
-99.098650847,2110.42319906,17.874248073,-102.921085354,               3P   1025
2110.423198774,17.285695254,-106.723868715,2110.423198471,             3P   1026
16.69316355,-110.543242887,2110.42319815,16.094005677,                 3P   1027
-114.348016938,2110.423197807,15.487930151,-118.159585209,             3P   1028
2110.42319744,14.880408196,-121.965814496,2110.423197048,              3P   1029
14.269600572,-125.775676174,2110.423196628,13.758245464,               3P   1030
-128.948576825,2110.423196252,13.348764563,-131.485118859,             3P   1031
2110.423195935,13.041513351,-133.387315533,2110.423195688,             3P   1032
12.734176404,-135.289971615,2110.423195434,12.426500881,               3P   1033
-137.197224122,2110.42319517,12.118505852,-139.111778006,              3P   1034
2110.423194896,11.810122118,-141.019019508,2110.423194614,             3P   1035
11.501859247,-142.903064119,2110.423194324,11.190535203,               3P   1036
-144.779036274,2110.423194026,10.928035493,-146.353603303,             3P   1037
2110.423193769,10.717574618,-147.633493589,2110.42319356,              3P   1038
10.559919809,-148.607565181,2110.4231934,10.402871226,                 3P   1039
-149.59982969,2110.423193237,10.246646909,-150.599617143,              3P   1040
2110.423193071,10.091396914,-151.596247078,2110.423192905,             3P   1041
9.936744432,-152.576186288,2110.423192737,9.781835182,                 3P   1042
-153.526701865,2110.423192568,9.627248338,-154.423003268,              3P   1043
2110.423192401,9.473646188,-155.240404086,2110.423192236,              3P   1044
9.315710966,-156.01546028,2110.423192072,9.150352676,                  3P   1045
-156.783372959,2110.42319191,8.983532174,-157.589728054,               3P   1046
2110.423191746,8.818787323,-158.48275537,2110.423191581,               3P   1047
8.655125974,-159.541505714,2110.42319141,8.517744722,                  3P   1048
-160.629687296,2110.42319126,8.414874554,-161.603935455,               3P   1049
2110.423191137,8.318575736,-162.641766881,2110.423191012,              3P   1050
8.214190941,-164.047908066,2110.423190851,8.112505149,                 3P   1051
-165.692255717,2110.423190668,8.045263021,-167.056445868,              3P   1052
2110.423190512,8.008057468,-167.989415675,2110.423190396,              3P   1053
7.996519376,-168.340140407,2110.423190337,8.007730533,                 3P   1054
-168.061401331,2110.423190347,8.017882933,-167.764444984,              3P   1055
2110.423190366,0.774732464,62.767319264,2284.135938064,                3P   1056
1.036098203,62.63411893,2284.135938049,1.551869323,                    3P   1057
62.338062106,2284.135938015,2.301770744,61.829195585,                  3P   1058
2284.135937961,3.021621212,61.285189055,2284.135937903,                3P   1059
3.711599796,60.729003859,2284.135937843,4.368302843,                   3P   1060
60.166574755,2284.135937783,5.207160378,59.40166799,                   3P   1061
2284.1359377,6.195379321,58.409927841,2284.135937594,                  3P   1062
7.301613069,57.151775528,2284.135937461,8.346995006,                   3P   1063
55.814381865,2284.135937325,9.331375791,54.414819676,                  3P   1064
2284.135937187,10.254450239,52.973196346,2284.135937049,               3P   1065
11.11880196,51.501734822,2284.135936913,11.929730399,                  3P   1066
50.003943437,2284.13593678,12.691877261,48.484126752,                  3P   1067
2284.135936649,13.649323328,46.429193136,2284.135936479,               3P   1068
14.747796823,43.809229513,2284.135936275,15.921436036,                 3P   1069
40.612892003,2284.135936047,16.9630995,37.371267511,                   3P   1070
2284.135935838,17.878778298,34.092232489,2284.135935649,               3P   1071
18.693669467,30.786329691,2284.13593548,19.419698508,                  3P   1072
27.460485911,2284.135935333,20.058430949,24.11658871,                  3P   1073
2284.135935207,20.619223305,20.758691762,2284.135935103,               3P   1074
21.109845126,17.38969684,2284.135935017,21.530400465,                  3P   1075
14.01138874,2284.135934953,21.888698624,10.62579186,                   3P   1076
2284.13593491,22.198155068,7.235375415,2284.135934887,                 3P   1077
22.451833186,3.840310933,2284.135934885,22.649465849,                  3P   1078
0.441526956,2284.135934904,22.80254207,-2.959763542,                   3P   1079
2284.135934944,22.911925814,-6.362106807,2284.135935008,               3P   1080
22.977556803,-9.766053656,2284.135935097,22.999080376,                 3P   1081
-13.170912888,2284.135935205,22.980941385,-16.574784793,               3P   1082
2284.135935336,22.93143688,-19.979669295,2284.135935494,               3P   1083
22.845527987,-23.38272131,2284.135935672,22.724454003,                 3P   1084
-26.784803251,2284.135935873,22.567949017,-30.185685408,               3P   1085
2284.135936098,22.381377742,-33.585163272,2284.135936347,              3P   1086
22.169179144,-36.983023236,2284.135936619,21.927861608,                3P   1087
-40.378850661,2284.135936915,21.65397051,-43.772225531,                3P   1088
2284.135937234,21.354576219,-47.16353558,2284.135937576,               3P   1089
21.033522178,-50.552805371,2284.135937943,20.690153438,                3P   1090
-53.939905839,2284.135938334,20.322126474,-57.324249568,               3P   1091
2284.135938748,19.931386341,-60.706149528,2284.135939187,              3P   1092
19.519861827,-64.085918306,2284.135939649,19.089601345,                3P   1093
-67.463240816,2284.135940136,18.64319973,-70.837559059,                3P   1094
2284.135940648,18.179655055,-74.209972451,2284.135941183,              3P   1095
17.698392598,-77.58150495,2284.135941744,17.203997632,                 3P   1096
-80.949236167,2284.13594233,16.69827617,-84.314769346,                 3P   1097
2284.13594294,16.180299158,-87.679250571,2284.135943576,               3P   1098
15.650969919,-91.046020056,2284.135944238,15.113583299,                3P   1099
-94.417546363,2284.135944927,14.574703927,-97.759301749,               3P   1100
2284.135945641,14.026981791,-101.131471118,2284.135946384,             3P   1101
13.477698548,-104.484887127,2284.135947154,12.92537268,                3P   1102
-107.847111958,2284.135947952,12.372402817,-111.205373121,             3P   1103
2284.135948778,11.911291696,-114.005673487,2284.135949491,             3P   1104
11.543317291,-116.244063584,2284.135950075,11.267838544,               3P   1105
-117.922309661,2284.13595052,10.992907485,-119.600390551,              3P   1106
2284.135950972,10.718161871,-121.282241636,2284.135951433,             3P   1107
10.443166707,-122.972181453,2284.135951902,10.168871325,               3P   1108
-124.656623027,2284.135952376,9.895694599,-126.323426811,              3P   1109
2284.135952855,9.624017608,-127.982152164,2284.135953337,              3P   1110
9.397031068,-129.366601965,2284.135953746,9.214966044,                 3P   1111
-130.490209578,2284.135954078,9.078001526,-131.344726525,              3P   1112
2284.135954331,8.940445016,-132.214841123,2284.13595459,               3P   1113
8.8021485,-133.094218609,2284.135954852,8.662982157,                   3P   1114
-133.976527029,2284.135955114,8.5243591,-134.848631428,                3P   1115
2284.135955375,8.387820195,-135.697182729,2284.135955633,              3P   1116
8.253555073,-136.505347812,2284.135955882,8.121731127,                 3P   1117
-137.256265699,2284.135956118,7.994794923,-137.962495329,              3P   1118
2284.135956344,7.871479038,-138.639053263,2284.135956564,              3P   1119
7.749512944,-139.333942913,2284.135956787,7.627274397,                 3P   1120
-140.094460307,2284.135957022,7.502307217,-140.975658599,              3P   1121
2284.135957282,7.394134287,-141.855924138,2284.135957534,              3P   1122
7.303834886,-142.653850354,2284.135957755,7.210758497,                 3P   1123
-143.516020476,2284.135957989,7.088663248,-144.717493966,              3P   1124
2284.135958305,6.944682992,-146.160460487,2284.135958678,              3P   1125
6.811526019,-147.413144292,2284.135959,6.700180218,                    3P   1126
-148.304717812,2284.135959227,6.621623421,-148.664343096,              3P   1127
2284.135959314,6.597577212,-148.430563662,2284.135959247,              3P   1128
6.594419728,-148.165125243,2284.135959178,1.481953578,                 3P   1129
55.072141484,2457.79590691,1.704658689,54.949981898,                   3P   1130
2457.795906967,2.141892348,54.684569905,2457.795907089,                3P   1131
2.774488019,54.242189537,2457.795907287,3.386019022,                   3P   1132
53.773103864,2457.795907496,3.981563198,53.295858814,                  3P   1133
2457.79590771,4.560091648,52.806425704,2457.795907927,                 3P   1134
5.307505365,52.138357073,2457.795908221,6.202248586,                   3P   1135
51.270317229,2457.7959086,7.206414129,50.168212841,                    3P   1136
2457.795909067,8.150755825,48.994727435,2457.79590955,                 3P   1137
9.034741821,47.775735427,2457.795910038,9.867551202,                   3P   1138
46.519897699,2457.795910527,10.657590275,45.237984282,                 3P   1139
2457.795911008,11.405793129,43.932956286,2457.795911482,               3P   1140
12.113269799,42.607561822,2457.795911946,13.00592441,                  3P   1141
40.814286577,2457.795912553,14.033623275,38.525649633,                 3P   1142
2457.795913285,15.140186853,35.729046618,2457.795914112,               3P   1143
16.130328171,32.888905186,2457.795914882,17.009906061,                 3P   1144
30.012917507,2457.795915591,17.795539997,27.109911928,                 3P   1145
2457.795916237,18.49581505,24.186024618,2457.795916816,                3P   1146
19.113961678,21.243706065,2457.795917325,19.656758413,                 3P   1147
18.287178277,2457.795917767,20.12911461,15.319368097,                  3P   1148
2457.795918148,20.523564271,12.340767704,2457.795918456,               3P   1149
20.851193175,9.354099192,2457.795918695,21.128311758,                  3P   1150
6.362831929,2457.795918865,21.345998167,3.36693766,                    3P   1151
2457.79591896,21.503107375,0.367203317,2457.795918982,                 3P   1152
21.621864952,-2.634187431,2457.795918928,21.701997085,                 3P   1153
-5.636881775,2457.795918789,21.741258076,-8.640442658,                 3P   1154
2457.795918554,21.742487284,-11.643987548,2457.795918252,              3P   1155
21.708302194,-14.647706871,2457.795917867,21.647301101,                3P   1156
-17.65051616,2457.795917378,21.556446444,-20.653029496,                3P   1157
2457.795916813,21.434803669,-23.65410679,2457.795916164,               3P   1158
21.286968552,-26.654133668,2457.795915421,21.115764468,                3P   1159
-29.653003452,2457.795914587,20.924262439,-32.650611902,               3P   1160
2457.795913666,20.710817315,-35.646652194,2457.795912655,              3P   1161
20.473774049,-38.640818945,2457.795911553,20.216899133,                3P   1162
-41.633498637,2457.79591036,19.944822286,-44.625174906,                3P   1163
2457.795909076,19.655558949,-47.615070764,2457.795907702,              3P   1164
19.347576271,-50.602531835,2457.795906238,19.021904275,                3P   1165
-53.588449347,2457.795904683,18.679577339,-56.57371463,                3P   1166
2457.795903038,18.322497894,-59.556666,2457.795901303,                 3P   1167
17.952422202,-62.535706754,2457.795899479,17.567919311,                3P   1168
-65.514127965,2457.795897566,17.167443989,-68.495240894,               3P   1169
2457.795895561,16.752573407,-71.473681833,2457.795893468,              3P   1170
16.33060113,-74.439280588,2457.795891286,15.897850183,                 3P   1171
-77.406949846,2457.795889017,15.44767196,-80.389112894,                3P   1172
2457.795886657,14.991505246,-83.347094699,2457.795884209,              3P   1173
14.526836072,-86.323532496,2457.795881675,14.054299182,                3P   1174
-89.284549411,2457.795879053,13.571205009,-92.25204814,                3P   1175
2457.795876341,13.082122666,-95.213374528,2457.795873545,              3P   1176
12.585422987,-98.177562089,2457.795870663,12.165965008,                3P   1177
-100.645219617,2457.795868193,11.826510265,-102.618297921,             3P   1178
2457.795866175,11.569899948,-104.097288231,2457.795864642,             3P   1179
11.311195072,-105.575164838,2457.795863089,11.049025812,               3P   1180
-107.056253442,2457.795861514,10.782041804,-108.544777244,             3P   1181
2457.795859914,10.513073415,-110.028647855,2457.7958583,               3P   1182
10.246492737,-111.491262446,2457.795856676,9.975208504,                3P   1183
-112.951106734,2457.795855049,9.74578917,-114.171601992,               3P   1184
2457.795853672,9.55526383,-115.163036343,2457.795852554,               3P   1185
9.408141011,-115.916225692,2457.795851703,9.256055067,                 3P   1186
-116.681123389,2457.795850831,9.100866768,-117.452992246,              3P   1187
2457.79584995,8.944432018,-118.227094322,2457.795849068,               3P   1188
8.789206541,-118.991826297,2457.795848193,8.637611882,                 3P   1189
-119.735642132,2457.795847331,8.495578435,-120.442149088,              3P   1190
2457.795846502,8.369042544,-121.094961878,2457.795845726,              3P   1191
8.247028241,-121.713514499,2457.795844986,8.131173211,                 3P   1192
-122.308775259,2457.795844269,8.00705341,-122.923450822,               3P   1193
2457.79584354,7.860071374,-123.600437081,2457.795842768,               3P   1194
7.676037096,-124.390353875,2457.795841897,7.479896534,                 3P   1195
-125.185046658,2457.795841041,7.296682877,-125.901905064,              3P   1196
2457.795840281,7.095676304,-126.672657636,2457.795839472,              3P   1197
6.81058116,-127.736824355,2457.79583837,6.46052103,                    3P   1198
-129.003026392,2457.79583706,6.149629453,-130.085042878,               3P   1199
2457.79583593,5.914765577,-130.843300127,2457.795835141,               3P   1200
5.792790864,-131.138227922,2457.795834851,5.814226687,                 3P   1201
-130.923671056,2457.795835111,5.857460077,-130.688146318,              3P   1202
2457.795835368,1.812594327,49.243763857,2631.512115412,                3P   1203
2.017541157,49.148321934,2631.5121152,2.419238534,48.943234017,        3P   1204
2631.512114747,3.002855109,48.602133817,2631.512114008,                3P   1205
3.572957128,48.2370988,2631.512113233,4.133298674,47.850031743,        3P   1206
2631.512112436,4.68926458,47.448863783,2631.512111629,                 3P   1207
5.420501944,46.89286361,2631.512110537,6.305721392,                    3P   1208
46.155378771,2631.512109133,7.314772959,45.213267252,                  3P   1209
2631.512107397,8.261972898,44.213264846,2631.512105605,                3P   1210
9.156810162,43.170327099,2631.512103791,10.009743918,                  3P   1211
42.093341217,2631.512101979,10.831439695,40.990631171,                 3P   1212
2631.512100191,11.621871985,39.864882346,2631.512098432,               3P   1213
12.380968291,38.718837003,2631.512096706,13.352793687,                 3P   1214
37.165067769,2631.512094453,14.494780769,35.177229458,                 3P   1215
2631.512091733,15.757449474,32.734601421,2631.512088657,               3P   1216
16.92069025,30.242587099,2631.51208579,17.990599111,                   3P   1217
27.709312284,2631.512083146,18.966451568,25.138778491,                 3P   1218
2631.512080735,19.852696655,22.536381943,2631.512078568,               3P   1219
20.66578386,19.909454897,2631.512076661,21.377790278,                  3P   1220
17.254640673,2631.512074999,21.970221241,14.570919254,                 3P   1221
2631.512073562,22.481811155,11.870486383,2631.512072394,               3P   1222
22.905991818,9.156082588,2631.512071484,23.23555012,                   3P   1223
6.428149305,2631.512070829,23.470688412,3.69125306,                    3P   1224
2631.512070449,23.634533151,0.948925714,2631.512070345,                3P   1225
23.743969871,-1.79567386,2631.51207052,23.80990974,                    3P   1226
-4.541626507,2631.512071012,23.843790504,-7.288035571,                 3P   1227
2631.512071859,23.834620953,-10.034855992,2631.512072958,              3P   1228
23.791063054,-12.781121275,2631.512074369,23.722408916,                3P   1229
-15.527027395,2631.512076163,23.63131718,-18.272102442,                3P   1230
2631.512078241,23.516614483,-21.016367878,2631.512080635,              3P   1231
23.38543326,-23.759835768,2631.512083378,23.241194825,                 3P   1232
-26.502676737,2631.512086459,23.08725436,-29.245060758,                3P   1233
2631.512089869,22.922177912,-31.98675958,2631.512093612,               3P   1234
22.744534171,-34.727544571,2631.512097695,22.557813802,                3P   1235
-37.467854908,2631.512102119,22.365276948,-40.208103826,               3P   1236
2631.512106881,22.163514994,-42.947556152,2631.512111981,              3P   1237
21.948998696,-45.68544397,2631.512117416,21.722421228,                 3P   1238
-48.422625627,2631.512123188,21.4844746,-51.159959441,                 3P   1239
2631.512129298,21.234097859,-53.895790065,2631.512135743,              3P   1240
20.970269084,-56.628444799,2631.512142518,20.691339687,                3P   1241
-59.360061458,2631.512149627,20.395691597,-62.092772468,               3P   1242
2631.512157075,20.089732948,-64.820028166,2631.512164852,              3P   1243
19.759809883,-67.549967153,2631.512172958,19.40737483,                 3P   1244
-70.274757746,2631.512181388,19.043922857,-72.994324005,               3P   1245
2631.512190154,18.658746655,-75.716562567,2631.512199245,              3P   1246
18.244929621,-78.429566693,2631.512208653,17.810748452,                3P   1247
-81.143016934,2631.512218389,17.354686002,-83.850984495,               3P   1248
2631.512228451,16.868167175,-86.554192447,2631.512238823,              3P   1249
16.347946469,-89.251942648,2631.512249512,15.883623739,                3P   1250
-91.493529793,2631.512258669,15.494516083,-93.282583473,               3P   1251
2631.512266146,15.19256132,-94.621872731,2631.512271827,               3P   1252
14.879183309,-95.958268198,2631.512277576,14.552245494,                3P   1253
-97.29404667,2631.512283407,14.209606124,-98.631512317,                3P   1254
2631.512289334,13.856298082,-99.959454704,2631.512295306,              3P   1255
13.491725004,-101.283252348,2631.512301314,13.123241899,               3P   1256
-102.585276583,2631.512307333,12.795310822,-103.673019356,             3P   1257
2631.512312427,12.514590093,-104.546540432,2631.51231656,              3P   1258
12.291501781,-105.207945089,2631.51231971,12.052505985,                3P   1259
-105.880213947,2631.512322932,11.80171123,-106.555622631,              3P   1260
2631.512326191,11.543227336,-107.226446968,2631.512329452,             3P   1261
11.283286406,-107.886918398,2631.512332687,11.028129672,               3P   1262
-108.531253069,2631.512335872,10.782547382,-109.149713803,             3P   1263
2631.512338934,10.551328199,-109.732561434,2631.512341801,             3P   1264
10.346550543,-110.273509581,2631.512344529,10.133612955,               3P   1265
-110.797636113,2631.512347177,9.888985136,-111.328102602,              3P   1266
2631.512349864,9.589183095,-111.888020087,2631.512352714,              3P   1267
9.198846611,-112.509880963,2631.512355933,8.768674495,                 3P   1268
-113.106758311,2631.512359101,8.360346984,-113.631538085,              3P   1269
2631.512361916,7.908820664,-114.187843538,2631.512364915,              3P   1270
7.262651844,-114.942348445,2631.512369002,6.468440534,                 3P   1271
-115.826773442,2631.512373861,5.767183301,-116.575020837,              3P   1272
2631.512378053,5.250744291,-117.089983159,2631.512380979,              3P   1273
5.010988445,-117.274549446,2631.51238205,5.10281501,                   3P   1274
-117.107569503,2631.512381082,5.228461843,-116.934095515,              3P   1275
2631.512380123,1.571259686,45.124740892,2805.276136903,                3P   1276
1.757409997,45.033379866,2805.276137693,2.122443247,                   3P   1277
44.836381114,2805.276139381,2.65212114,44.508573531,                   3P   1278
2805.276142139,3.167920716,44.158875857,2805.276145027,                3P   1279
3.67352963,43.792983228,2805.276147998,4.172211632,                    3P   1280
43.415023754,2805.276151006,4.824821116,42.893707943,                  3P   1281
2805.276155078,5.612315692,42.206723225,2805.276160314,                3P   1282
6.506176308,41.330741085,2805.276166787,7.345383402,                   3P   1283
40.40034707,2805.276173467,8.136270986,39.43108608,                    3P   1284
2805.276180228,8.887725122,38.430928682,2805.276186985,                3P   1285
9.608578229,37.407991845,2805.27619365,10.299091659,                   3P   1286
36.364640642,2805.276200209,10.959538976,35.303225362,                 3P   1287
2805.276206643,11.801836063,33.865104924,2805.276215045,               3P   1288
12.786249755,32.026728967,2805.276225185,13.867276841,                 3P   1289
29.771567208,2805.276236653,14.85588411,27.474087174,                  3P   1290
2805.276247345,15.75755582,25.141430649,2805.276257203,                3P   1291
16.575709063,22.778255869,2805.276266195,17.315275141,                 3P   1292
20.389465786,2805.27627428,17.987527771,17.980447711,                  3P   1293
2805.276281393,18.57663094,15.55009075,2805.276287597,                 3P   1294
19.071139979,13.098438676,2805.27629296,19.494757322,                  3P   1295
10.633366367,2805.27629732,19.845439526,8.157552205,                   3P   1296
2805.27630072,20.122752957,5.671740401,2805.276303167,                 3P   1297
20.325306414,3.179196235,2805.276304592,20.467080272,                  3P   1298
0.682302896,2805.276304986,20.563677185,-1.816459471,                  3P   1299
2805.27630434,20.623075063,-4.316365002,2805.276302512,                3P   1300
20.653114938,-6.816681983,2805.27629936,20.644808207,                  3P   1301
-9.317382702,2805.276295268,20.604706533,-11.817505713,                3P   1302
2805.276290017,20.545562585,-14.317414736,2805.276283332,              3P   1303
20.46077179,-16.816506212,2805.276275591,20.35549939,                  3P   1304
-19.314783967,2805.27626667,20.232751599,-21.812254271,                3P   1305
2805.276256448,20.095718341,-24.309020893,2805.276244963,              3P   1306
19.947606727,-26.80518777,2805.276232256,19.787016118,                 3P   1307
-29.300519838,2805.276218303,19.612545186,-31.79478213,                3P   1308
2805.276203081,19.427433615,-34.288367087,2805.276186593,              3P   1309
19.234981014,-36.781673894,2805.27616884,19.032450739,                 3P   1310
-39.274058039,2805.276149827,18.817137502,-41.76488352,                3P   1311
2805.276129564,18.589707616,-44.254819685,2805.276108045,              3P   1312
18.350827692,-46.744535885,2805.276085266,18.100316574,                3P   1313
-49.232756444,2805.276061238,17.83798296,-51.718210196,                3P   1314
2805.276035979,17.562523799,-54.202774506,2805.276009474,              3P   1315
17.272628109,-56.68832814,2805.275981704,16.972188428,                 3P   1316
-59.170178104,2805.27595271,16.654797622,-61.650269493,                3P   1317
2805.275922487,16.32019738,-64.127708479,2805.275891058,               3P   1318
15.974334167,-66.605212152,2805.275858375,15.612866902,                3P   1319
-69.07859489,2805.275824483,15.230727508,-71.55041442,                 3P   1320
2805.275789405,14.833718368,-74.018831176,2805.275753111,              3P   1321
14.42003716,-76.485226986,2805.2757156,13.98522188,                    3P   1322
-78.946994333,2805.275676931,13.526733921,-81.406057282,               3P   1323
2805.275637085,13.123463594,-83.450278465,2805.275602952,              3P   1324
12.78851001,-85.082748781,2805.27557508,12.5302795,                    3P   1325
-86.305279061,2805.275553905,12.264186991,-87.525617695,               3P   1326
2805.275532473,11.988475399,-88.746332548,2805.275510737,              3P   1327
11.70138899,-89.969984372,2805.275488646,11.407021856,                 3P   1328
-91.186309838,2805.275466388,11.105859659,-92.39474111,                3P   1329
2805.275443995,10.801366727,-93.588590108,2805.27542156,               3P   1330
10.532818225,-94.58604202,2805.275402575,10.305135908,                 3P   1331
-95.389731489,2805.275387171,10.125031266,-95.998979979,               3P   1332
2805.275375431,9.932662541,-96.618327295,2805.275363422,               3P   1333
9.732306029,-97.24118453,2805.275351274,9.528237686,                   3P   1334
-97.860962726,2805.275339122,9.322817486,-98.472200833,                3P   1335
2805.275327063,9.118403031,-99.069441778,2805.275315194,               3P   1336
8.92446016,-99.639281003,2805.275303782,8.750455122,                   3P   1337
-100.168314465,2805.275293098,8.581667428,-100.671194738,              3P   1338
2805.275282933,8.415510658,-101.154421502,2805.275273066,              3P   1339
8.228919999,-101.645042292,2805.275263052,7.998818598,                 3P   1340
-102.170117777,2805.275252431,7.700814727,-102.762472478,              3P   1341
2805.275240434,7.375561007,-103.339530673,2805.275228626,              3P   1342
7.067660009,-103.851382948,2805.275218132,6.727441132,                 3P   1343
-104.39676034,2805.275206954,6.240598686,-105.141444377,               3P   1344
2805.275191717,5.642069828,-106.019082357,2805.275173604,              3P   1345
5.113478829,-106.763916559,2805.275157975,4.722838165,                 3P   1346
-107.279560457,2805.275147068,4.538154827,-107.469638021,              3P   1347
2805.275143079,4.602304822,-107.309622389,2805.275146689,              3P   1348
4.69367342,-107.140540757,2805.275150264,1.339726424,                  3P   1349
36.581369678,3094.517295373,1.49120737,36.508660814,                   3P   1350
3094.517289935,1.788159864,36.352159493,3094.517278318,                3P   1351
2.219274895,36.091857125,3094.517259335,2.639732121,                   3P   1352
35.813798148,3094.517239459,3.052400978,35.521095047,                  3P   1353
3094.517219009,3.460541796,35.218305304,3094.517198309,                3P   1354
3.995928646,34.799760171,3094.51717028,4.642981055,                    3P   1355
34.246541151,3094.517134247,5.378768983,33.540705483,                  3P   1356
3094.517089692,6.069611132,32.791110398,3094.517043717,                3P   1357
6.721238195,32.01001943,3094.516997184,7.341222366,                    3P   1358
31.203821049,3094.516950682,7.937185305,30.378768722,                  3P   1359
3094.516904805,8.509187933,29.536891944,3094.516859668,                3P   1360
9.057279909,28.680233846,3094.51681538,9.757528301,                    3P   1361
27.519239946,3094.516757557,10.578087414,26.034523789,                 3P   1362
3094.516687765,11.482025875,24.212065261,3094.51660884,                3P   1363
12.311622892,22.354143229,3094.516535245,13.071088041,                 3P   1364
20.466767584,3094.516467397,13.761881944,18.553260547,                 3P   1365
3094.516405507,14.387414996,16.617745466,3094.516349862,               3P   1366
14.95883559,14.664915261,3094.516300902,15.458596321,                  3P   1367
12.693402039,3094.516258204,15.876858598,10.702397231,                 3P   1368
3094.516221286,16.234982527,8.700328505,3094.516191277,                3P   1369
16.532786772,6.687681076,3094.516167874,16.766176068,                  3P   1370
4.667632949,3094.516151027,16.932209222,2.640962125,                   3P   1371
3094.516141219,17.047817634,0.610332416,3094.516138501,                3P   1372
17.128436757,-1.421681771,3094.516142948,17.176026332,                 3P   1373
-3.454607863,3094.516155528,17.192672318,-5.487978677,                 3P   1374
3094.516177218,17.188064414,-7.52124364,3094.516205377,                3P   1375
17.157988306,-9.554688986,3094.516241516,17.100613901,                 3P   1376
-11.587478541,3094.516287519,17.031525935,-13.619644555,               3P   1377
3094.516340798,16.947227925,-15.651196977,3094.516402192,              3P   1378
16.846214281,-17.682143496,3094.516472547,16.733746939,                3P   1379
-19.712560532,3094.516551588,16.615071981,-21.742524348,               3P   1380
3094.516639043,16.487550742,-23.771876866,3094.516735075,              3P   1381
16.348545191,-25.800459914,3094.51683984,16.201567815,                 3P   1382
-27.82858647,3094.516953321,16.050075846,-29.856563294,                3P   1383
3094.51707551,15.891216598,-31.883852277,3094.517206363,               3P   1384
15.722108471,-33.909907463,3094.517345827,15.543457327,                3P   1385
-35.935330752,3094.517493931,15.355968752,-37.960724032,               3P   1386
3094.517650711,15.159217039,-39.984931389,3094.517816081,              3P   1387
14.952785837,-42.006792747,3094.517989932,14.735402609,                3P   1388
-44.027917232,3094.518172356,14.505802134,-46.049912675,               3P   1389
3094.51836348,14.268215575,-48.068316198,3094.518563033,               3P   1390
14.014899572,-50.086934835,3094.518771048,13.74627808,                 3P   1391
-52.102569102,3094.518987359,13.468962924,-54.116395779,               3P   1392
3094.519212304,13.177493079,-56.12941014,3094.519445567,               3P   1393
12.867261869,-58.138500588,3094.519686989,12.543387349,                3P   1394
-60.146296833,3094.51993679,12.204608396,-62.151226479,                3P   1395
3094.520194955,11.846072558,-64.152535543,3094.520461098,              3P   1396
11.465716035,-66.150712096,3094.520735341,11.128887185,                3P   1397
-67.811493441,3094.520970261,10.847963227,-69.13730208,                3P   1398
3094.521162091,10.630695677,-70.130010354,3094.521307824,              3P   1399
10.406009416,-71.120830486,3094.521455328,10.172464092,                3P   1400
-72.11155401,3094.521604924,9.928618105,-73.10397902,                  3P   1401
3094.521756966,9.677919965,-74.089922171,3094.52191016,                3P   1402
9.420105741,-75.071547379,3094.522064277,9.159917105,                  3P   1403
-76.038737375,3094.522218683,8.929214907,-76.846799253,                3P   1404
3094.522349345,8.732731185,-77.496978423,3094.522455363,               3P   1405
8.576964014,-77.989566702,3094.522536162,8.410349094,                  3P   1406
-78.490197933,3094.522618813,8.236147943,-78.993431506,                3P   1407
3094.52270242,8.057622388,-79.493826864,3094.522786055,                3P   1408
7.878043429,-79.986916023,3094.522869054,7.700684249,                  3P   1409
-80.468227336,3094.522950737,7.531186245,-80.928813413,                3P   1410
3094.523029284,7.375190429,-81.359726391,3094.523102812,               3P   1411
7.230842889,-81.764674828,3094.523172774,7.085100571,                  3P   1412
-82.154885269,3094.523240676,6.91935628,-82.5506523,                   3P   1413
3094.523309596,6.715013922,-82.972258382,3094.523382698,               3P   1414
6.450043772,-83.443934395,3094.523465261,6.160358962,                  3P   1415
-83.898906311,3094.523546533,5.885518525,-84.300976252,                3P   1416
3094.523618757,5.581363787,-84.728752071,3094.523695689,               3P   1417
5.145106998,-85.31225288,3094.523800559,4.608564288,                   3P   1418
-85.998581473,3094.523925223,4.135597706,-86.579201904,                3P   1419
3094.52403279,3.787084021,-86.979766307,3094.524107854,                3P   1420
3.623938881,-87.125855688,3094.524135308,3.683915384,                  3P   1421
-86.999218831,3094.524110464,3.76747239,-86.866125717,                 3P   1422
3094.524085856,1.5873084,35.980155243,3326.306783569,                  3P   1423
1.735443669,35.906651936,3326.306820264,2.025782131,                   3P   1424
35.748527191,3326.306898651,2.44688759,35.485989733,                   3P   1425
3326.307026737,2.856984812,35.206105979,3326.307160854,                3P   1426
3.259043945,34.912677426,3326.307298842,3.65603514,                    3P   1427
34.609505569,3326.307438513,4.175984398,34.191152123,                  3P   1428
3326.307627641,4.803444559,33.639602437,3326.307870774,                3P   1429
5.515645453,32.936832763,3326.308171408,6.18357426,                    3P   1430
32.191230259,3326.308481629,6.812701908,31.414931262,                  3P   1431
3326.308795615,7.410320372,30.614218481,3326.309109384,                3P   1432
7.983721623,29.795374619,3326.309418941,8.533071512,                   3P   1433
28.96032783,3326.309723507,9.058535893,28.111006264,                   3P   1434
3326.310022339,9.728690296,26.960463085,3326.310412503,                3P   1435
10.511854184,25.490041962,3326.310883428,11.371625698,                 3P   1436
23.686622618,3326.311415981,12.157650202,21.849528553,                 3P   1437
3326.311912568,12.874234067,19.98451743,3326.312370375,                3P   1438
13.523542167,18.095100698,3326.312787981,14.109326748,                 3P   1439
16.185214736,3326.313163452,14.641423953,14.259237009,                 3P   1440
3326.31349381,15.105199019,12.316151629,3326.313781923,                3P   1441
15.490947052,10.355755457,3326.314031029,15.819246183,                 3P   1442
8.384991016,3326.314233523,16.08816199,6.405443587,                    3P   1443
3326.314391435,16.296819228,4.418565191,3326.314505117,                3P   1444
16.442230586,2.42639423,3326.314571301,16.538630692,                   3P   1445
0.430996567,3326.314589643,16.600254167,-1.565561934,                  3P   1446
3326.314559637,16.630670594,-3.562775605,3326.314474756,               3P   1447
16.633449556,-5.560138807,3326.314328403,16.611468471,                 3P   1448
-7.557339644,3326.314138405,16.564285107,-9.554254881,                 3P   1449
3326.31389456,16.495106991,-11.550551508,3326.313584151,               3P   1450
16.410530821,-13.546079823,3326.313224653,16.310516963,                3P   1451
-15.540854308,3326.312810397,16.19502579,-17.534889471,                3P   1452
3326.312335672,16.068111877,-19.52828573,3326.311802345,               3P   1453
15.933829798,-21.521143494,3326.311212239,15.790235653,                3P   1454
-23.513290633,3326.310564259,15.63538554,-25.504555019,                3P   1455
3326.309857359,15.4723327,-27.495251238,3326.309091641,                3P   1456
15.304130375,-29.485693878,3326.308267166,15.128270751,                3P   1457
-31.475365439,3326.307384229,14.942246008,-33.463748418,               3P   1458
3326.306443187,14.746687356,-35.451394046,3326.305443856,              3P   1459
14.542226004,-37.438853554,3326.304385972,14.328577975,                3P   1460
-39.425048307,3326.303270131,14.105459288,-41.408899659,               3P   1461
3326.302097064,13.871727648,-43.39195023,3326.300866153,               3P   1462
13.626240753,-45.375742652,3326.299576531,13.372691327,                3P   1463
-47.356223232,3326.298230043,13.104662398,-49.335962409,               3P   1464
3326.296826449,12.822252117,-51.31305796,3326.295366881,               3P   1465
12.531128409,-53.289299142,3326.293849054,12.22689997,                 3P   1466
-55.263305966,3326.292275105,11.905228219,-57.234694529,               3P   1467
3326.290646102,11.571010589,-59.203944091,3326.288960554,              3P   1468
11.222877586,-61.170908519,3326.287218581,10.856740084,                3P   1469
-63.134081256,3326.285422771,10.470445095,-65.094524644,               3P   1470
3326.283572304,10.130574229,-66.723925583,3326.281987175,              3P   1471
9.848009488,-68.024876338,3326.280692797,9.630130558,                  3P   1472
-68.998967444,3326.279709456,9.405674902,-69.971099626,                3P   1473
3326.278714168,9.172980458,-70.943392768,3326.277704769,               3P   1474
8.930385166,-71.917966773,3326.276678858,8.681449239,                  3P   1475
-72.887141864,3326.27564518,8.428376096,-73.846937131,                 3P   1476
3326.274605268,8.170023719,-74.798086046,3326.273563412,               3P   1477
7.943632392,-75.592096404,3326.272681766,7.751076115,                  3P   1478
-76.230794602,3326.271966411,7.598725986,-76.714736912,                3P   1479
3326.271421215,7.436231615,-77.206771599,3326.270863526,               3P   1480
7.266864701,-77.701484045,3326.270299386,7.093896945,                  3P   1481
-78.193459618,3326.269735062,6.919916404,-78.678415041,                3P   1482
3326.269175023,6.747511134,-79.152067028,3326.268623863,               3P   1483
6.583356845,-79.604624547,3326.268093869,6.434129254,                  3P   1484
-80.026296533,3326.267597739,6.292662415,-80.425006631,                3P   1485
3326.267125667,6.151790377,-80.808678516,3326.266667495,               3P   1486
5.99299855,-81.19787576,3326.266202461,5.79777233,                     3P   1487
-81.613161979,3326.2657092,5.545423404,-82.079515155,                  3P   1488
3326.265152107,5.270290108,-82.531513644,3326.26460372,                3P   1489
5.009744944,-82.931653313,3326.264116391,4.721729885,                  3P   1490
-83.357659459,3326.263597285,4.309245996,-83.93899237,                 3P   1491
3326.262889674,3.802282184,-84.623321146,3326.262048497,               3P   1492
3.355276963,-85.20302287,3326.261322686,3.025730615,                   3P   1493
-85.603413029,3326.260816188,2.870879887,-85.750285856,                3P   1494
3326.26063094,2.927137678,-85.623923707,3326.260798579,                3P   1495
3.005284596,-85.491968439,3326.260964625,1.733982943,                  3P   1496
34.791764873,3500.,1.876861968,34.719853394,3500.,2.156832727,         3P   1497
34.56530507,3500.,2.562710797,34.309045459,3500.,2.957794608,          3P   1498
34.036087692,3500.,3.345018817,33.750073934,3500.,3.727318084,         3P   1499
33.454646348,3500.,4.227920432,33.047128667,3500.,4.831748199,         3P   1500
32.510212757,3500.,5.516734712,31.82652702,3500.,6.158613908,          3P   1501
31.101722172,3500.,6.762837617,30.347389556,3500.,7.336461437,         3P   1502
29.569606282,3500.,7.886540967,28.774449458,3500.,8.413263281,         3P   1503
27.963761898,3500.,8.916815457,27.139386418,3500.,9.55865502,          3P   1504
26.022861462,3500.,10.308017296,24.596333886,3500.,                    3P   1505
11.129656616,22.84728359,3500.,11.879750129,21.066081091,3500.,        3P   1506
12.562546428,19.258247053,3500.,13.180116171,17.42719637,3500.,        3P   1507
13.736201654,15.576680568,3500.,14.240148956,13.710924284,             3P   1508
3500.,14.678112688,11.828944735,3500.,15.040176384,9.930742801,        3P   1509
3500.,15.347188423,8.022685982,3500.,15.596003242,6.106789951,         3P   1510
3500.,15.786861408,4.183688077,3500.,15.916660864,2.256002945,         3P   1511
3500.,15.998934516,0.325534305,3500.,16.047215272,-1.605918096,        3P   1512
3500.,16.065544863,-3.537845795,3500.,16.057965018,                    3P   1513
-5.469740331,3500.,16.025227636,-7.401374735,3500.,                    3P   1514
15.968084613,-9.332522037,3500.,15.890863567,-11.263006416,            3P   1515
3500.,15.797892111,-13.192652053,3500.,15.689788735,                   3P   1516
-15.121478134,3500.,15.567171925,-17.049503848,3500.,                  3P   1517
15.433602555,-18.976846072,3500.,15.2926415,-20.903621687,             3P   1518
3500.,15.142630241,-22.829659639,3500.,14.981910263,                   3P   1519
-24.754788873,3500.,14.813292549,-26.679317911,3500.,                  3P   1520
14.639588084,-28.603555271,3500.,14.458447879,-30.527003638,           3P   1521
3500.,14.267522947,-32.449165699,3500.,14.067403526,                   3P   1522
-34.37056471,3500.,13.858679856,-36.291723932,3500.,13.6410649,        3P   1523
-38.211602425,3500.,13.414271617,-40.129159251,3500.,                  3P   1524
13.177220701,-42.045878209,3500.,12.928832843,-43.963243096,           3P   1525
3500.,12.672677797,-45.877360014,3500.,12.402502326,                   3P   1526
-47.79068544,3500.,12.118404928,-49.701359583,3500.,                   3P   1527
11.825928389,-51.611168004,3500.,11.520770819,-53.518731269,           3P   1528
3500.,11.198693277,-55.423658343,3500.,10.864540294,                   3P   1529
-57.326441973,3500.,10.516962601,-59.226951507,3500.,                  3P   1530
10.152018083,-61.123672193,3500.,9.767506972,-63.01766375,             3P   1531
3500.,9.429833512,-64.59169417,3500.,9.149269733,-65.848421159,        3P   1532
3500.,8.933124302,-66.789333296,3500.,8.71074618,-67.728227899,        3P   1533
3500.,8.480344332,-68.667315385,3500.,8.240127718,                     3P   1534
-69.608806174,3500.,7.993712627,-70.545544047,3500.,                   3P   1535
7.744715346,-71.470372786,3500.,7.488652919,-72.389780874,             3P   1536
3500.,7.265644141,-73.156844138,3500.,7.07582507,-73.773401274,        3P   1537
3500.,6.925722628,-74.240502664,3500.,6.765849934,-74.71551787,        3P   1538
3500.,6.599343032,-75.193115638,3500.,6.429337967,                     3P   1539
-75.667964718,3500.,6.258377188,-76.13600638,3500.,6.089003146,        3P   1540
-76.593181898,3500.,5.927731769,-77.029992654,3500.,                   3P   1541
5.781078984,-77.43694003,3500.,5.642028899,-77.821757026,3500.,        3P   1542
5.503565619,-78.192176644,3500.,5.347773055,-78.567789719,             3P   1543
3500.,5.156735118,-78.968187086,3500.,4.910145873,                     3P   1544
-79.417697845,3500.,4.641440469,-79.853492221,3500.,                   3P   1545
4.387157763,-80.239189342,3500.,4.106199548,-80.649707665,             3P   1546
3500.,3.704116596,-81.209608059,3500.,3.210149164,                     3P   1547
-81.868528436,3500.,2.774662242,-82.426724639,3500.,                   3P   1548
2.453676673,-82.812254296,3500.,2.3032133,-82.953175036,3500.,         3P   1549
2.357969604,-82.831790231,3500.,2.43446,-82.7042,3500.,0.5,1.,         3P   1550
0.,1.;                                                                 3P   1551
126,1,1,1,0,1,0,0.,0.,1.,1.,1.,1.,1.,0.,0.,1.,1.,0.,0.,1.,0.,          5P   1552
0.,1.;                                                                 5P   1553
126,19,3,0,0,1,0,0.,0.,0.,0.,0.0518003983249931,                       7P   1554
0.112755508409042,0.169014604278062,0.221683172749889,                 7P   1555
0.274176191910027,0.326611662680101,0.379083914803462,                 7P   1556
0.431136036985468,0.482939241249694,0.534772531943281,                 7P   1557
0.586624996388408,0.638420106519717,0.690167402775685,                 7P   1558
0.741862192069168,0.793518221994862,0.845177221008872,1.,1.,1.,        7P   1559
1.,1.,1.,1.,1.,1.,1.,1.,1.,1.,1.,1.,1.,1.,1.,1.,1.,1.,1.,1.,1.,        7P   1560
39.0419,-118.747,200.,35.750346098,-108.514363245,                     7P   1561
267.094277918,38.50853689,-116.932709135,387.698765775,                7P   1562
95.66050816,-291.857491256,538.487287007,137.956032323,                7P   1563
-423.875266589,715.191467504,75.393110519,-360.993247357,              7P   1564
894.909084663,49.312772068,-341.470921252,1068.173845735,              7P   1565
35.49543378,-300.402727602,1242.318934329,25.00012784,                 7P   1566
-256.980208768,1414.968652868,11.919034444,-230.895672541,             7P   1567
1589.054744535,10.48308192,-213.158352777,1763.253199667,              7P   1568
8.517188729,-190.899459282,1936.870756008,8.017882933,                 7P   1569
-167.764444984,2110.423190366,6.594419728,-148.165125243,              7P   1570
2284.135959178,5.857460077,-130.688146318,2457.795835368,              7P   1571
5.228461843,-116.934095515,2631.512380123,4.69367342,                  7P   1572
-107.140540757,2805.275150264,3.76747239,-86.866125717,                7P   1573
3094.524085856,3.005284596,-85.491968439,3326.260964625,               7P   1574
2.43446,-82.7042,3500.,0.,1.,-0.951439848,-0.307834601,                7P   1575
0.000271918;                                                           7P   1576
126,1,1,1,0,1,0,0.,0.,1.,1.,1.,1.,1.,1.,0.,0.5,1.,0.,0.,1.,0.,         9P   1577
0.,1.;                                                                 9P   1578
126,97,3,1,0,1,0,0.,0.,0.,0.,0.001953125,0.00390625,                  11P   1579
0.005859375,0.0078125,0.009765625,0.01171875,0.0126953125,            11P   1580
0.013671875,0.015625,0.017578125,0.01953125,0.021484375,              11P   1581
0.0234375,0.025390625,0.02734375,0.029296875,0.03125,                 11P   1582
0.033203125,0.03515625,0.037109375,0.0390625,0.041015625,             11P   1583
0.04296875,0.046875,0.05078125,0.0546875,0.05859375,0.0625,           11P   1584
0.06640625,0.0703125,0.07421875,0.078125,0.0859375,0.09375,           11P   1585
0.1015625,0.109375,0.1171875,0.125,0.1328125,0.140625,                11P   1586
0.1484375,0.15625,0.1640625,0.171875,0.1796875,0.1875,                11P   1587
0.1953125,0.203125,0.2109375,0.21875,0.2265625,0.234375,              11P   1588
0.2421875,0.25,0.2578125,0.265625,0.2734375,0.28125,0.2890625,        11P   1589
0.296875,0.3046875,0.3125,0.3203125,0.328125,0.3359375,0.34375,       11P   1590
0.3515625,0.359375,0.3671875,0.375,0.3828125,0.390625,                11P   1591
0.3984375,0.40625,0.4140625,0.421875,0.4296875,0.4375,                11P   1592
0.4453125,0.453125,0.45703125,0.4609375,0.46484375,0.46875,           11P   1593
0.47265625,0.4765625,0.48046875,0.484375,0.48828125,                  11P   1594
0.490234375,0.4921875,0.494140625,0.49609375,0.498046875,0.5,         11P   1595
0.5,0.5,0.5,1.,1.,1.,1.,1.,1.,1.,1.,1.,1.,1.,1.,1.,1.,1.,1.,1.,       11P   1596
1.,1.,1.,1.,1.,1.,1.,1.,1.,1.,1.,1.,1.,1.,1.,1.,1.,1.,1.,1.,1.,       11P   1597
1.,1.,1.,1.,1.,1.,1.,1.,1.,1.,1.,1.,1.,1.,1.,1.,1.,1.,1.,1.,1.,       11P   1598
1.,1.,1.,1.,1.,1.,1.,1.,1.,1.,1.,1.,1.,1.,1.,1.,1.,1.,1.,1.,1.,       11P   1599
1.,1.,1.,1.,1.,1.,1.,1.,1.,1.,1.,1.,1.,1.,1.,1.,1.,1.,2.43446,        11P   1600
-82.7042,3500.,2.357969604,-82.831790231,3500.,2.3032133,             11P   1601
-82.953175036,3500.,2.453676673,-82.812254296,3500.,                  11P   1602
2.774662242,-82.426724639,3500.,3.210149164,-81.868528436,            11P   1603
3500.,3.704116596,-81.209608059,3500.,4.106199548,                    11P   1604
-80.649707665,3500.,4.387157763,-80.239189342,3500.,                  11P   1605
4.641440469,-79.853492221,3500.,4.910145873,-79.417697845,            11P   1606
3500.,5.156735118,-78.968187086,3500.,5.347773055,                    11P   1607
-78.567789719,3500.,5.503565619,-78.192176644,3500.,                  11P   1608
5.642028899,-77.821757026,3500.,5.781078984,-77.43694003,3500.,       11P   1609
5.927731769,-77.029992654,3500.,6.089003146,-76.593181898,            11P   1610
3500.,6.258377188,-76.13600638,3500.,6.429337967,-75.667964718,       11P   1611
3500.,6.599343032,-75.193115638,3500.,6.765849934,-74.71551787,       11P   1612
3500.,6.925722628,-74.240502664,3500.,7.07582507,-73.773401274,       11P   1613
3500.,7.265644141,-73.156844138,3500.,7.488652919,                    11P   1614
-72.389780874,3500.,7.744715346,-71.470372786,3500.,                  11P   1615
7.993712627,-70.545544047,3500.,8.240127718,-69.608806174,            11P   1616
3500.,8.480344332,-68.667315385,3500.,8.71074618,-67.728227899,       11P   1617
3500.,8.933124302,-66.789333296,3500.,9.149269733,                    11P   1618
-65.848421159,3500.,9.429833512,-64.59169417,3500.,9.767506972,       11P   1619
-63.01766375,3500.,10.152018083,-61.123672193,3500.,                  11P   1620
10.516962601,-59.226951507,3500.,10.864540294,-57.326441973,          11P   1621
3500.,11.198693277,-55.423658343,3500.,11.520770819,                  11P   1622
-53.518731269,3500.,11.825928389,-51.611168004,3500.,                 11P   1623
12.118404928,-49.701359583,3500.,12.402502326,-47.79068544,           11P   1624
3500.,12.672677797,-45.877360014,3500.,12.928832843,                  11P   1625
-43.963243096,3500.,13.177220701,-42.045878209,3500.,                 11P   1626
13.414271617,-40.129159251,3500.,13.6410649,-38.211602425,            11P   1627
3500.,13.858679856,-36.291723932,3500.,14.067403526,                  11P   1628
-34.37056471,3500.,14.267522947,-32.449165699,3500.,                  11P   1629
14.458447879,-30.527003638,3500.,14.639588084,-28.603555271,          11P   1630
3500.,14.813292549,-26.679317911,3500.,14.981910263,                  11P   1631
-24.754788873,3500.,15.142630241,-22.829659639,3500.,                 11P   1632
15.2926415,-20.903621687,3500.,15.433602555,-18.976846072,            11P   1633
3500.,15.567171925,-17.049503848,3500.,15.689788735,                  11P   1634
-15.121478134,3500.,15.797892111,-13.192652053,3500.,                 11P   1635
15.890863567,-11.263006416,3500.,15.968084613,-9.332522037,           11P   1636
3500.,16.025227636,-7.401374735,3500.,16.057965018,                   11P   1637
-5.469740331,3500.,16.065544863,-3.537845795,3500.,                   11P   1638
16.047215272,-1.605918096,3500.,15.998934516,0.325534305,3500.,       11P   1639
15.916660864,2.256002945,3500.,15.786861408,4.183688077,3500.,        11P   1640
15.596003242,6.106789951,3500.,15.347188423,8.022685982,3500.,        11P   1641
15.040176384,9.930742801,3500.,14.678112688,11.828944735,3500.,       11P   1642
14.240148956,13.710924284,3500.,13.736201654,15.576680568,            11P   1643
3500.,13.180116171,17.42719637,3500.,12.562546428,19.258247053,       11P   1644
3500.,11.879750129,21.066081091,3500.,11.129656616,22.84728359,       11P   1645
3500.,10.308017296,24.596333886,3500.,9.55865502,26.022861462,        11P   1646
3500.,8.916815457,27.139386418,3500.,8.413263281,27.963761898,        11P   1647
3500.,7.886540967,28.774449458,3500.,7.336461437,29.569606282,        11P   1648
3500.,6.762837617,30.347389556,3500.,6.158613908,31.101722172,        11P   1649
3500.,5.516734712,31.82652702,3500.,4.831748199,32.510212757,         11P   1650
3500.,4.227920432,33.047128667,3500.,3.727318084,33.454646348,        11P   1651
3500.,3.345018817,33.750073934,3500.,2.957794608,34.036087692,        11P   1652
3500.,2.562710797,34.309045459,3500.,2.156832727,34.56530507,         11P   1653
3500.,1.876861968,34.719853394,3500.,1.733982943,34.791764873,        11P   1654
3500.,0.,0.5,0.,0.,-1.;                                               11P   1655
126,1,1,1,0,1,0,0.,0.,1.,1.,1.,1.,0.5,1.,0.,0.5,0.,0.,0.,1.,0.,       13P   1656
0.,1.;                                                                13P   1657
126,19,3,0,0,1,0,0.,0.,0.,0.,0.154822778991128,                       15P   1658
0.206481778005138,0.258137807930832,0.309832597224315,                15P   1659
0.361579893480283,0.413375003611592,0.465227468056719,                15P   1660
0.517060758750306,0.568863963014532,0.620916085196538,                15P   1661
0.673388337319899,0.725823808089973,0.778316827250111,                15P   1662
0.830985395721938,0.887244491590958,0.948199601675007,1.,1.,1.,       15P   1663
1.,1.,1.,1.,1.,1.,1.,1.,1.,1.,1.,1.,1.,1.,1.,1.,1.,1.,1.,1.,1.,       15P   1664
1.733982943,34.791764873,3500.,1.5873084,35.980155243,                15P   1665
3326.306783569,1.339726424,36.581369678,3094.517295373,               15P   1666
1.571259686,45.124740892,2805.276136903,1.812594327,                  15P   1667
49.243763857,2631.512115412,1.481953578,55.072141484,                 15P   1668
2457.79590691,0.774732464,62.767319264,2284.135938064,                15P   1669
1.232580954,71.004254359,2110.423203195,0.228248472,                  15P   1670
80.767308917,1936.870725808,-1.117398413,90.22718834,                 15P   1671
1763.253307556,-0.590104841,97.240533761,1589.054342599,              15P   1672
-8.134496331,110.437614371,1414.970165772,-13.069477532,              15P   1673
128.284278045,1242.313240024,-19.591189727,145.388805393,             15P   1674
1068.195084486,-30.930407087,155.946512853,894.829611273,             15P   1675
-55.236743515,174.826673223,715.497740102,-46.617591212,              15P   1676
152.004827071,537.213651232,-39.203424065,118.704770017,              15P   1677
392.551882064,-38.364017251,115.960913799,258.29279466,               15P   1678
-39.054125452,118.706853591,200.,0.,1.,0.998615838,                   15P   1679
-0.052582894,-0.001203044;                                            15P   1680
126,1,1,1,0,1,0,0.,0.,1.,1.,1.,1.,0.5,0.,0.,1.,0.,0.,0.,1.,0.,        17P   1681
0.,1.;                                                                17P   1682
126,52,3,1,0,1,0,0.,0.,0.,0.,0.00781250000000004,                     19P   1683
0.00781250000000004,0.0156250000000001,0.0156250000000001,            19P   1684
0.0312500000000001,0.0312500000000001,0.0625000000000002,             19P   1685
0.0625000000000002,0.125,0.125,0.187500000000001,                     19P   1686
0.187500000000001,0.250000000000001,0.250000000000001,                19P   1687
0.281250000000001,0.281250000000001,0.312500000000001,                19P   1688
0.312500000000001,0.375000000000001,0.375000000000001,                19P   1689
0.500000000000001,0.500000000000001,0.625000000000001,                19P   1690
0.625000000000001,0.687500000000001,0.687500000000001,                19P   1691
0.750000000000001,0.750000000000001,0.812500000000001,                19P   1692
0.812500000000001,0.875000000000001,0.875000000000001,0.90625,        19P   1693
0.90625,0.9375,0.9375,0.9453125,0.9453125,0.953125,0.953125,          19P   1694
0.9609375,0.9609375,0.96875,0.96875,0.9765625,0.98046875,             19P   1695
0.98046875,0.984375,0.984375,1.,1.,1.,1.,1.,1.,1.,1.,1.,1.,1.,        19P   1696
1.,1.,1.,1.,1.,1.,1.,1.,1.,1.,1.,1.,1.,1.,1.,1.,1.,1.,1.,1.,1.,       19P   1697
1.,1.,1.,1.,1.,1.,1.,1.,1.,1.,1.,1.,1.,1.,1.,1.,1.,1.,1.,1.,1.,       19P   1698
1.,1.,1.,1.,-39.054125452,118.706853591,200.,-38.069245839,           19P   1699
119.030640548,200.,-37.08754222,119.340664383,200.,                   19P   1700
-35.130486971,119.933185811,200.,-34.167362758,120.21230343,          19P   1701
200.,-31.214153604,121.028646764,200.,-29.224899871,                  19P   1702
121.525382184,200.,-23.245695796,122.861953557,200.,                  19P   1703
-19.207712443,123.55695402,200.,-7.018057651,125.044074031,           19P   1704
200.,1.176833943,125.23720659,200.,17.521588553,124.01521028,         19P   1705
200.,25.600148564,122.601265764,200.,41.3659339,118.212311908,        19P   1706
200.,49.030267115,115.244890267,200.,59.979837403,                    19P   1707
109.715423481,200.,63.539744083,107.691856303,200.,70.44695729,       19P   1708
103.304668519,200.,73.777774008,100.953385937,200.,                   19P   1709
83.480787136,93.364739563,200.,89.401089895,87.711898609,200.,        19P   1710
105.405131723,69.102088913,200.,113.598345944,54.595272394,           19P   1711
200.,123.829766806,23.496498574,200.,125.845759211,6.972193523,       19P   1712
200.,124.006112651,-17.525736243,200.,122.59111826,                   19P   1713
-25.607571868,200.,118.202709834,-41.378509887,200.,                  19P   1714
115.235602859,-49.045230194,200.,107.86635327,-63.637217809,          19P   1715
200.,103.462967657,-70.568170319,200.,93.364068272,                   19P   1716
-83.473489278,200.,87.7022355,-89.401967152,200.,78.389428937,        19P   1717
-97.410819007,200.,75.170288129,-99.916239535,200.,                   19P   1718
68.457904228,-104.629836597,200.,65.01803002,-106.803639264,          19P   1719
200.,60.550740318,-109.327654649,200.,59.652808602,                   19P   1720
-109.820286306,200.,57.847997616,-110.78120678,200.,                  19P   1721
56.923568912,-111.258278804,200.,55.135961692,-112.152947184,         19P   1722
200.,54.226510702,-112.594200892,200.,52.376313963,                   19P   1723
-113.464547347,200.,51.424678679,-113.89845653,200.,                  19P   1724
49.533671491,-114.734848187,200.,48.116335723,-115.342698749,         19P   1725
200.,46.70037939,-115.921384542,200.,45.756715042,                    19P   1726
-116.30069401,200.,45.303229837,-116.480040504,200.,                  19P   1727
42.854633178,-117.431247428,200.,40.93076301,-118.123486798,          19P   1728
200.,39.0419,-118.747,200.,0.,1.,0.,0.,1.;                            19P   1729
102,4,5,9,13,17;                                                      21P   1730
102,4,7,11,15,19;                                                     23P   1731
142,1,3,21,23,1;                                                      25P   1732
144,3,1,0,25;                                                         27P   1733
128,1,1,1,1,0,0,1,0,0,0.,0.,1.,1.,0.,0.,1.,1.,1.,1.,1.,1.,            29P   1734
126.508316722,-126.52498392,200.,-126.5241976,-126.52498392,          29P   1735
200.,126.508316722,126.512212477,200.,-126.5241976,                   29P   1736
126.512212477,200.,0.,1.,0.,1.;                                       29P   1737
126,64,2,1,0,1,0,0.,0.,0.,0.015625,0.015625,0.03125,0.03125,          31P   1738
0.0625,0.0625,0.09375,0.09375,0.125,0.125,0.15625,0.15625,            31P   1739
0.1875,0.1875,0.21875,0.21875,0.25,0.25,0.28125,0.28125,0.3125,       31P   1740
0.3125,0.375,0.375,0.40625,0.40625,0.4375,0.4375,0.46875,             31P   1741
0.46875,0.5,0.5,0.53125,0.53125,0.5625,0.5625,0.59375,0.59375,        31P   1742
0.625,0.625,0.65625,0.65625,0.6875,0.6875,0.71875,0.71875,0.75,       31P   1743
0.75,0.78125,0.78125,0.8125,0.8125,0.84375,0.84375,0.875,0.875,       31P   1744
0.90625,0.90625,0.9375,0.9375,0.96875,0.96875,1.,1.,1.,1.,1.,         31P   1745
1.,1.,1.,1.,1.,1.,1.,1.,1.,1.,1.,1.,1.,1.,1.,1.,1.,1.,1.,1.,1.,       31P   1746
1.,1.,1.,1.,1.,1.,1.,1.,1.,1.,1.,1.,1.,1.,1.,1.,1.,1.,1.,1.,1.,       31P   1747
1.,1.,1.,1.,1.,1.,1.,1.,1.,1.,1.,1.,1.,1.,1.,1.,1.,1.,1.,1.,1.,       31P   1748
0.345672638,0.0307385,0.,0.356897305,0.027033309,0.,                  31P   1749
0.368884533,0.023754755,0.,0.38059361,0.020552276,0.,                 31P   1750
0.392415639,0.017923581,0.,0.416158549,0.012644209,0.,                31P   1751
0.440187112,0.00971473,0.,0.464255112,0.006780442,0.,                 31P   1752
0.488532642,0.00621275,0.,0.512814477,0.005644958,0.,                 31P   1753
0.536988957,0.007453267,0.,0.561200604,0.009264358,0.,                31P   1754
0.585088178,0.013444048,0.,0.608962681,0.017621452,0.,                31P   1755
0.632367284,0.024140258,0.,0.655725751,0.030646213,0.,                31P   1756
0.678368193,0.039417011,0.,0.701012835,0.048188661,0.,                31P   1757
0.722654762,0.05911597,0.,0.744304237,0.07004709,0.,                  31P   1758
0.764800121,0.083060646,0.,0.785269134,0.096057142,0.,                31P   1759
0.804399597,0.111013156,0.,0.842770385,0.141011074,0.,                31P   1760
0.874445416,0.177861079,0.,0.890241129,0.196237451,0.,                31P   1761
0.90419978,0.216123587,0.,0.918157815,0.236008844,0.,                 31P   1762
0.930074318,0.25711351,0.,0.941990446,0.278217511,0.,                 31P   1763
0.95180577,0.30043897,0.,0.961613099,0.322642326,0.,                  31P   1764
0.969198019,0.345681371,0.,0.976790694,0.368743974,0.,                31P   1765
0.98207864,0.392410902,0.,0.987371651,0.416100499,0.,                 31P   1766
0.990305274,0.44017743,0.,0.993235864,0.464229474,0.,                 31P   1767
0.993792941,0.488522506,0.,0.994349352,0.512786508,0.,                31P   1768
0.992529503,0.536978219,0.,0.990710449,0.561159363,0.,                31P   1769
0.986530257,0.58507636,0.,0.982348698,0.609001172,0.,                 31P   1770
0.97585644,0.632356751,0.,0.969366932,0.655702434,0.,                 31P   1771
0.960599347,0.678364807,0.,0.951820072,0.701057394,0.,                31P   1772
0.94091279,0.722657095,0.,0.930005814,0.744256189,0.,                 31P   1773
0.916954059,0.764793727,0.,0.903930975,0.785286151,0.,                31P   1774
0.888986573,0.804381803,0.,0.874033248,0.823488855,0.,                31P   1775
0.857276511,0.841042393,0.,0.840529698,0.858585535,0.,                31P   1776
0.822129034,0.874420291,0.,0.803730939,0.890252837,0.,                31P   1777
0.783883874,0.904200217,0.,0.764044254,0.918142365,0.,                31P   1778
0.742907913,0.930092558,0.,0.721654334,0.942109035,0.,                31P   1779
0.699583858,0.951830796,0.,0.677750004,0.961448329,0.,                31P   1780
0.654312916,0.969153314,0.,0.,1.,0.,0.,-1.;                           31P   1781
126,46,3,1,0,1,0,0.,0.,0.,0.,0.00781249999999998,0.01171875,          33P   1782
0.01171875,0.015625,0.015625,0.03125,0.03125,0.0625,0.0625,           33P   1783
0.125,0.125,0.1875,0.1875,0.25,0.25,0.375,0.375,0.4375,0.4375,        33P   1784
0.5,0.5,0.5625,0.5625,0.625,0.625,0.6875,0.6875,0.75,0.75,            33P   1785
0.8125,0.8125,0.875,0.875,0.90625,0.90625,0.921875,0.921875,          33P   1786
0.9375,0.9375,0.953125,0.953125,0.96875,0.96875,1.,1.,1.,1.,1.,       33P   1787
1.,1.,1.,1.,1.,1.,1.,1.,1.,1.,1.,1.,1.,1.,1.,1.,1.,1.,1.,1.,1.,       33P   1788
1.,1.,1.,1.,1.,1.,1.,1.,1.,1.,1.,1.,1.,1.,1.,1.,1.,1.,1.,1.,1.,       33P   1789
1.,1.,1.,1.,39.0419,-118.747,200.,38.095164751,-119.059517066,        33P   1790
200.,36.650942794,-119.514798287,200.,35.170542209,                   33P   1791
-119.949837938,200.,34.175568791,-120.235366246,200.,                 33P   1792
33.662332022,-120.379089655,200.,31.193351065,-121.054378198,         33P   1793
200.,29.216977163,-121.544358889,200.,23.209248793,                   33P   1794
-122.880236242,200.,19.186656209,-123.571806701,200.,                 33P   1795
7.006682854,-125.056774587,200.,-1.198904205,-125.250060888,          33P   1796
200.,-17.535794483,-124.027999141,200.,-25.62056486,                  33P   1797
-122.611599194,200.,-41.381769389,-118.22160247,200.,                 33P   1798
-49.042806585,-115.254418019,200.,-70.954890808,-104.190498032,       33P   1799
200.,-84.09659444,-93.919263055,200.,-100.083910904,                  33P   1800
-75.319641108,200.,-104.810502757,-68.58583179,200.,                  33P   1801
-112.850950289,-54.345572547,200.,-116.168703062,-46.835667563,       33P   1802
200.,-121.291886551,-31.273810394,200.,-123.082403766,                33P   1803
-23.258470286,200.,-125.059829547,-7.028972019,200.,                  33P   1804
-125.247625279,1.192173886,200.,-124.020212693,17.508784444,          33P   1805
200.,-122.604500444,25.608360755,200.,-118.22568319,                  33P   1806
41.361230417,200.,-115.252971444,49.046976054,200.,                   33P   1807
-107.893452892,63.621306778,200.,-103.479094141,70.567138884,         33P   1808
200.,-93.3892878,83.459925646,200.,-87.72414816,89.394244527,         33P   1809
200.,-78.413515742,97.406690326,200.,-75.186503344,                   33P   1810
99.919382665,200.,-70.166434512,103.447264702,200.,                   33P   1811
-68.465735509,104.581222143,200.,-65.009652054,106.765130549,         33P   1812
200.,-63.26415593,107.809490688,200.,-59.678924918,                   33P   1813
109.836567794,200.,-57.869084276,110.801718987,200.,                  33P   1814
-54.214952718,112.635246651,200.,-52.350704025,113.51241443,          33P   1815
200.,-46.826029198,115.946007842,200.,-42.993643906,                  33P   1816
117.411705762,200.,-39.054125452,118.706853591,200.,0.,1.,0.,         33P   1817
0.,1.;                                                                33P   1818
126,68,2,1,0,1,0,0.,0.,0.,0.015625,0.015625,0.03125,0.03125,          35P   1819
0.0625,0.0625,0.09375,0.09375,0.125,0.125,0.15625,0.15625,            35P   1820
0.1875,0.1875,0.21875,0.21875,0.25,0.25,0.28125,0.28125,0.3125,       35P   1821
0.3125,0.375,0.375,0.40625,0.40625,0.4375,0.4375,0.46875,             35P   1822
0.46875,0.5,0.5,0.53125,0.53125,0.5625,0.5625,0.59375,0.59375,        35P   1823
0.625,0.625,0.65625,0.65625,0.6875,0.6875,0.71875,0.71875,0.75,       35P   1824
0.75,0.78125,0.78125,0.8125,0.8125,0.84375,0.84375,0.875,0.875,       35P   1825
0.90625,0.90625,0.9375,0.9375,0.953125,0.953125,0.96875,              35P   1826
0.96875,0.984375,0.984375,1.,1.,1.,1.,1.,1.,1.,1.,1.,1.,1.,1.,        35P   1827
1.,1.,1.,1.,1.,1.,1.,1.,1.,1.,1.,1.,1.,1.,1.,1.,1.,1.,1.,1.,1.,       35P   1828
1.,1.,1.,1.,1.,1.,1.,1.,1.,1.,1.,1.,1.,1.,1.,1.,1.,1.,1.,1.,1.,       35P   1829
1.,1.,1.,1.,1.,1.,1.,1.,1.,1.,1.,1.,1.,1.,1.,1.,1.,1.,                35P   1830
0.654312916,0.969153314,0.,0.642636002,0.972992121,0.,                35P   1831
0.631109709,0.976178227,0.,0.619438445,0.979404406,0.,                35P   1832
0.607590487,0.982052811,0.,0.583960306,0.987334925,0.,                35P   1833
0.559820588,0.990279881,0.,0.535733456,0.993218421,0.,                35P   1834
0.511476725,0.993786867,0.,0.487215154,0.994355426,0.,                35P   1835
0.463019963,0.992546534,0.,0.438796661,0.990735541,0.,                35P   1836
0.414919715,0.986561058,0.,0.391049778,0.9823878,0.,                  35P   1837
0.367641588,0.975871438,0.,0.344276332,0.969367028,0.,                35P   1838
0.321637943,0.960600931,0.,0.298984785,0.951829114,0.,                35P   1839
0.277349084,0.940903418,0.,0.255712398,0.929977225,0.,                35P   1840
0.235206792,0.916953118,0.,0.214733495,0.903949533,0.,                35P   1841
0.195612035,0.888995074,0.,0.157265132,0.859004833,0.,                35P   1842
0.125567049,0.822146371,0.,0.109754811,0.803759934,0.,                35P   1843
0.095800756,0.783890528,0.,0.081840499,0.764012291,0.,                35P   1844
0.069921327,0.742905598,0.,0.058004262,0.721802633,0.,                35P   1845
0.048190062,0.699579585,0.,0.038383682,0.677374245,0.,                35P   1846
0.030803394,0.654334113,0.,0.023221794,0.631289991,0.,                35P   1847
0.017931619,0.607603117,0.,0.012637955,0.583900622,0.,                35P   1848
0.009703051,0.559836386,0.,0.006769422,0.535782606,0.,                35P   1849
0.006208846,0.511491137,0.,0.005648862,0.487225317,0.,                35P   1850
0.007465398,0.463035577,0.,0.009282997,0.438831695,0.,                35P   1851
0.013463682,0.414938788,0.,0.017642448,0.391056838,0.,                35P   1852
0.024152638,0.367661136,0.,0.03065636,0.344288676,0.,                 35P   1853
0.039417755,0.321654448,0.,0.048189537,0.298993389,0.,                35P   1854
0.059112319,0.277365387,0.,0.070033716,0.255740126,0.,                35P   1855
0.083065871,0.235229279,0.,0.096079301,0.214747903,0.,                35P   1856
0.111032366,0.19563983,0.,0.125999167,0.176514205,0.,                 35P   1857
0.142743073,0.158978611,0.,0.159480814,0.141449475,0.,                35P   1858
0.177900532,0.12560913,0.,0.196302923,0.109783687,0.,                 35P   1859
0.216154911,0.095843402,0.,0.236050725,0.081872343,0.,                35P   1860
0.257137383,0.069958617,0.,0.267730384,0.06397369,0.,                 35P   1861
0.278535553,0.058565978,0.,0.289132653,0.0532624,0.,                  35P   1862
0.300471826,0.048247182,0.,0.31168189,0.043289067,0.,                 35P   1863
0.32286288,0.038945666,0.,0.334475284,0.034434675,0.,                 35P   1864
0.345672638,0.0307385,0.,0.,1.,0.,0.,-1.;                             35P   1865
126,52,3,1,0,1,0,0.,0.,0.,0.,0.00781250000000004,                     37P   1866
0.00781250000000004,0.0156250000000001,0.0156250000000001,            37P   1867
0.0312500000000001,0.0312500000000001,0.0625000000000002,             37P   1868
0.0625000000000002,0.125,0.125,0.187500000000001,                     37P   1869
0.187500000000001,0.250000000000001,0.250000000000001,                37P   1870
0.281250000000001,0.281250000000001,0.312500000000001,                37P   1871
0.312500000000001,0.375000000000001,0.375000000000001,                37P   1872
0.500000000000001,0.500000000000001,0.625000000000001,                37P   1873
0.625000000000001,0.687500000000001,0.687500000000001,                37P   1874
0.750000000000001,0.750000000000001,0.812500000000001,                37P   1875
0.812500000000001,0.875000000000001,0.875000000000001,0.90625,        37P   1876
0.90625,0.9375,0.9375,0.9453125,0.9453125,0.953125,0.953125,          37P   1877
0.9609375,0.9609375,0.96875,0.96875,0.9765625,0.98046875,             37P   1878
0.98046875,0.984375,0.984375,1.,1.,1.,1.,1.,1.,1.,1.,1.,1.,1.,        37P   1879
1.,1.,1.,1.,1.,1.,1.,1.,1.,1.,1.,1.,1.,1.,1.,1.,1.,1.,1.,1.,1.,       37P   1880
1.,1.,1.,1.,1.,1.,1.,1.,1.,1.,1.,1.,1.,1.,1.,1.,1.,1.,1.,1.,1.,       37P   1881
1.,1.,1.,1.,-39.054125452,118.706853591,200.,-38.069245839,           37P   1882
119.030640548,200.,-37.08754222,119.340664383,200.,                   37P   1883
-35.130486971,119.933185811,200.,-34.167362758,120.21230343,          37P   1884
200.,-31.214153604,121.028646764,200.,-29.224899871,                  37P   1885
121.525382184,200.,-23.245695796,122.861953557,200.,                  37P   1886
-19.207712443,123.55695402,200.,-7.018057651,125.044074031,           37P   1887
200.,1.176833943,125.23720659,200.,17.521588553,124.01521028,         37P   1888
200.,25.600148564,122.601265764,200.,41.3659339,118.212311908,        37P   1889
200.,49.030267115,115.244890267,200.,59.979837403,                    37P   1890
109.715423481,200.,63.539744083,107.691856303,200.,70.44695729,       37P   1891
103.304668519,200.,73.777774008,100.953385937,200.,                   37P   1892
83.480787136,93.364739563,200.,89.401089895,87.711898609,200.,        37P   1893
105.405131723,69.102088913,200.,113.598345944,54.595272394,           37P   1894
200.,123.829766806,23.496498574,200.,125.845759211,6.972193523,       37P   1895
200.,124.006112651,-17.525736243,200.,122.59111826,                   37P   1896
-25.607571868,200.,118.202709834,-41.378509887,200.,                  37P   1897
115.235602859,-49.045230194,200.,107.86635327,-63.637217809,          37P   1898
200.,103.462967657,-70.568170319,200.,93.364068272,                   37P   1899
-83.473489278,200.,87.7022355,-89.401967152,200.,78.389428937,        37P   1900
-97.410819007,200.,75.170288129,-99.916239535,200.,                   37P   1901
68.457904228,-104.629836597,200.,65.01803002,-106.803639264,          37P   1902
200.,60.550740318,-109.327654649,200.,59.652808602,                   37P   1903
-109.820286306,200.,57.847997616,-110.78120678,200.,                  37P   1904
56.923568912,-111.258278804,200.,55.135961692,-112.152947184,         37P   1905
200.,54.226510702,-112.594200892,200.,52.376313963,                   37P   1906
-113.464547347,200.,51.424678679,-113.89845653,200.,                  37P   1907
49.533671491,-114.734848187,200.,48.116335723,-115.342698749,         37P   1908
200.,46.70037939,-115.921384542,200.,45.756715042,                    37P   1909
-116.30069401,200.,45.303229837,-116.480040504,200.,                  37P   1910
42.854633178,-117.431247428,200.,40.93076301,-118.123486798,          37P   1911
200.,39.0419,-118.747,200.,0.,1.,0.,0.,1.;                            37P   1912
102,2,31,35;                                                          39P   1913
102,2,33,37;                                                          41P   1914
142,1,29,39,41,1;                                                     43P   1915
144,29,1,0,43;                                                        45P   1916
128,115,19,3,3,0,0,1,0,0,0.,0.,0.,0.,0.00048828125,                   47P   1917
0.0009765625,0.00146484375,0.001953125,0.0029296875,0.00390625,       47P   1918
0.0048828125,0.005859375,0.0068359375,0.0078125,0.009765625,          47P   1919
0.01171875,0.013671875,0.0146484375,0.015625,0.017578125,             47P   1920
0.01953125,0.021484375,0.0234375,0.025390625,0.02734375,              47P   1921
0.029296875,0.03125,0.033203125,0.03515625,0.037109375,               47P   1922
0.0390625,0.041015625,0.04296875,0.044921875,0.046875,                47P   1923
0.05078125,0.0546875,0.05859375,0.0625,0.06640625,0.0703125,          47P   1924
0.07421875,0.078125,0.08203125,0.0859375,0.08984375,0.09375,          47P   1925
0.1015625,0.109375,0.1171875,0.125,0.1328125,0.140625,                47P   1926
0.1484375,0.15625,0.1640625,0.171875,0.1796875,0.1875,                47P   1927
0.1953125,0.203125,0.2109375,0.21875,0.2265625,0.234375,              47P   1928
0.2421875,0.25,0.2578125,0.265625,0.2734375,0.28125,0.2890625,        47P   1929
0.296875,0.3046875,0.3125,0.3203125,0.328125,0.3359375,0.34375,       47P   1930
0.3515625,0.359375,0.3671875,0.375,0.3828125,0.390625,                47P   1931
0.3984375,0.40625,0.4140625,0.421875,0.4296875,0.43359375,            47P   1932
0.4375,0.44140625,0.4453125,0.44921875,0.453125,0.45703125,           47P   1933
0.4609375,0.46484375,0.466796875,0.46875,0.470703125,                 47P   1934
0.47265625,0.474609375,0.4765625,0.478515625,0.48046875,              47P   1935
0.482421875,0.484375,0.486328125,0.48828125,0.490234375,              47P   1936
0.4921875,0.494140625,0.49609375,0.498046875,0.5,0.5,0.5,0.5,         47P   1937
0.,0.,0.,0.,0.0518003983249931,0.112755508409042,                     47P   1938
0.169014604278062,0.221683172749889,0.274176191910027,                47P   1939
0.326611662680101,0.379083914803462,0.431136036985468,                47P   1940
0.482939241249694,0.534772531943281,0.586624996388408,                47P   1941
0.638420106519717,0.690167402775685,0.741862192069168,                47P   1942
0.793518221994862,0.845177221008872,1.,1.,1.,1.,1.,1.,1.,1.,1.,       47P   1943
1.,1.,1.,1.,1.,1.,1.,1.,1.,1.,1.,1.,1.,1.,1.,1.,1.,1.,1.,1.,1.,       47P   1944
1.,1.,1.,1.,1.,1.,1.,1.,1.,1.,1.,1.,1.,1.,1.,1.,1.,1.,1.,1.,1.,       47P   1945
1.,1.,1.,1.,1.,1.,1.,1.,1.,1.,1.,1.,1.,1.,1.,1.,1.,1.,1.,1.,1.,       47P   1946
1.,1.,1.,1.,1.,1.,1.,1.,1.,1.,1.,1.,1.,1.,1.,1.,1.,1.,1.,1.,1.,       47P   1947
1.,1.,1.,1.,1.,1.,1.,1.,1.,1.,1.,1.,1.,1.,1.,1.,1.,1.,1.,1.,1.,       47P   1948
1.,1.,1.,1.,1.,1.,1.,1.,1.,1.,1.,1.,1.,1.,1.,1.,1.,1.,1.,1.,1.,       47P   1949
1.,1.,1.,1.,1.,1.,1.,1.,1.,1.,1.,1.,1.,1.,1.,1.,1.,1.,1.,1.,1.,       47P   1950
1.,1.,1.,1.,1.,1.,1.,1.,1.,1.,1.,1.,1.,1.,1.,1.,1.,1.,1.,1.,1.,       47P   1951
1.,1.,1.,1.,1.,1.,1.,1.,1.,1.,1.,1.,1.,1.,1.,1.,1.,1.,1.,1.,1.,       47P   1952
1.,1.,1.,1.,1.,1.,1.,1.,1.,1.,1.,1.,1.,1.,1.,1.,1.,1.,1.,1.,1.,       47P   1953
1.,1.,1.,1.,1.,1.,1.,1.,1.,1.,1.,1.,1.,1.,1.,1.,1.,1.,1.,1.,1.,       47P   1954
1.,1.,1.,1.,1.,1.,1.,1.,1.,1.,1.,1.,1.,1.,1.,1.,1.,1.,1.,1.,1.,       47P   1955
1.,1.,1.,1.,1.,1.,1.,1.,1.,1.,1.,1.,1.,1.,1.,1.,1.,1.,1.,1.,1.,       47P   1956
1.,1.,1.,1.,1.,1.,1.,1.,1.,1.,1.,1.,1.,1.,1.,1.,1.,1.,1.,1.,1.,       47P   1957
1.,1.,1.,1.,1.,1.,1.,1.,1.,1.,1.,1.,1.,1.,1.,1.,1.,1.,1.,1.,1.,       47P   1958
1.,1.,1.,1.,1.,1.,1.,1.,1.,1.,1.,1.,1.,1.,1.,1.,1.,1.,1.,1.,1.,       47P   1959
1.,1.,1.,1.,1.,1.,1.,1.,1.,1.,1.,1.,1.,1.,1.,1.,1.,1.,1.,1.,1.,       47P   1960
1.,1.,1.,1.,1.,1.,1.,1.,1.,1.,1.,1.,1.,1.,1.,1.,1.,1.,1.,1.,1.,       47P   1961
1.,1.,1.,1.,1.,1.,1.,1.,1.,1.,1.,1.,1.,1.,1.,1.,1.,1.,1.,1.,1.,       47P   1962
1.,1.,1.,1.,1.,1.,1.,1.,1.,1.,1.,1.,1.,1.,1.,1.,1.,1.,1.,1.,1.,       47P   1963
1.,1.,1.,1.,1.,1.,1.,1.,1.,1.,1.,1.,1.,1.,1.,1.,1.,1.,1.,1.,1.,       47P   1964
1.,1.,1.,1.,1.,1.,1.,1.,1.,1.,1.,1.,1.,1.,1.,1.,1.,1.,1.,1.,1.,       47P   1965
1.,1.,1.,1.,1.,1.,1.,1.,1.,1.,1.,1.,1.,1.,1.,1.,1.,1.,1.,1.,1.,       47P   1966
1.,1.,1.,1.,1.,1.,1.,1.,1.,1.,1.,1.,1.,1.,1.,1.,1.,1.,1.,1.,1.,       47P   1967
1.,1.,1.,1.,1.,1.,1.,1.,1.,1.,1.,1.,1.,1.,1.,1.,1.,1.,1.,1.,1.,       47P   1968
1.,1.,1.,1.,1.,1.,1.,1.,1.,1.,1.,1.,1.,1.,1.,1.,1.,1.,1.,1.,1.,       47P   1969
1.,1.,1.,1.,1.,1.,1.,1.,1.,1.,1.,1.,1.,1.,1.,1.,1.,1.,1.,1.,1.,       47P   1970
1.,1.,1.,1.,1.,1.,1.,1.,1.,1.,1.,1.,1.,1.,1.,1.,1.,1.,1.,1.,1.,       47P   1971
1.,1.,1.,1.,1.,1.,1.,1.,1.,1.,1.,1.,1.,1.,1.,1.,1.,1.,1.,1.,1.,       47P   1972
1.,1.,1.,1.,1.,1.,1.,1.,1.,1.,1.,1.,1.,1.,1.,1.,1.,1.,1.,1.,1.,       47P   1973
1.,1.,1.,1.,1.,1.,1.,1.,1.,1.,1.,1.,1.,1.,1.,1.,1.,1.,1.,1.,1.,       47P   1974
1.,1.,1.,1.,1.,1.,1.,1.,1.,1.,1.,1.,1.,1.,1.,1.,1.,1.,1.,1.,1.,       47P   1975
1.,1.,1.,1.,1.,1.,1.,1.,1.,1.,1.,1.,1.,1.,1.,1.,1.,1.,1.,1.,1.,       47P   1976
1.,1.,1.,1.,1.,1.,1.,1.,1.,1.,1.,1.,1.,1.,1.,1.,1.,1.,1.,1.,1.,       47P   1977
1.,1.,1.,1.,1.,1.,1.,1.,1.,1.,1.,1.,1.,1.,1.,1.,1.,1.,1.,1.,1.,       47P   1978
1.,1.,1.,1.,1.,1.,1.,1.,1.,1.,1.,1.,1.,1.,1.,1.,1.,1.,1.,1.,1.,       47P   1979
1.,1.,1.,1.,1.,1.,1.,1.,1.,1.,1.,1.,1.,1.,1.,1.,1.,1.,1.,1.,1.,       47P   1980
1.,1.,1.,1.,1.,1.,1.,1.,1.,1.,1.,1.,1.,1.,1.,1.,1.,1.,1.,1.,1.,       47P   1981
1.,1.,1.,1.,1.,1.,1.,1.,1.,1.,1.,1.,1.,1.,1.,1.,1.,1.,1.,1.,1.,       47P   1982
1.,1.,1.,1.,1.,1.,1.,1.,1.,1.,1.,1.,1.,1.,1.,1.,1.,1.,1.,1.,1.,       47P   1983
1.,1.,1.,1.,1.,1.,1.,1.,1.,1.,1.,1.,1.,1.,1.,1.,1.,1.,1.,1.,1.,       47P   1984
1.,1.,1.,1.,1.,1.,1.,1.,1.,1.,1.,1.,1.,1.,1.,1.,1.,1.,1.,1.,1.,       47P   1985
1.,1.,1.,1.,1.,1.,1.,1.,1.,1.,1.,1.,1.,1.,1.,1.,1.,1.,1.,1.,1.,       47P   1986
1.,1.,1.,1.,1.,1.,1.,1.,1.,1.,1.,1.,1.,1.,1.,1.,1.,1.,1.,1.,1.,       47P   1987
1.,1.,1.,1.,1.,1.,1.,1.,1.,1.,1.,1.,1.,1.,1.,1.,1.,1.,1.,1.,1.,       47P   1988
1.,1.,1.,1.,1.,1.,1.,1.,1.,1.,1.,1.,1.,1.,1.,1.,1.,1.,1.,1.,1.,       47P   1989
1.,1.,1.,1.,1.,1.,1.,1.,1.,1.,1.,1.,1.,1.,1.,1.,1.,1.,1.,1.,1.,       47P   1990
1.,1.,1.,1.,1.,1.,1.,1.,1.,1.,1.,1.,1.,1.,1.,1.,1.,1.,1.,1.,1.,       47P   1991
1.,1.,1.,1.,1.,1.,1.,1.,1.,1.,1.,1.,1.,1.,1.,1.,1.,1.,1.,1.,1.,       47P   1992
1.,1.,1.,1.,1.,1.,1.,1.,1.,1.,1.,1.,1.,1.,1.,1.,1.,1.,1.,1.,1.,       47P   1993
1.,1.,1.,1.,1.,1.,1.,1.,1.,1.,1.,1.,1.,1.,1.,1.,1.,1.,1.,1.,1.,       47P   1994
1.,1.,1.,1.,1.,1.,1.,1.,1.,1.,1.,1.,1.,1.,1.,1.,1.,1.,1.,1.,1.,       47P   1995
1.,1.,1.,1.,1.,1.,1.,1.,1.,1.,1.,1.,1.,1.,1.,1.,1.,1.,1.,1.,1.,       47P   1996
1.,1.,1.,1.,1.,1.,1.,1.,1.,1.,1.,1.,1.,1.,1.,1.,1.,1.,1.,1.,1.,       47P   1997
1.,1.,1.,1.,1.,1.,1.,1.,1.,1.,1.,1.,1.,1.,1.,1.,1.,1.,1.,1.,1.,       47P   1998
1.,1.,1.,1.,1.,1.,1.,1.,1.,1.,1.,1.,1.,1.,1.,1.,1.,1.,1.,1.,1.,       47P   1999
1.,1.,1.,1.,1.,1.,1.,1.,1.,1.,1.,1.,1.,1.,1.,1.,1.,1.,1.,1.,1.,       47P   2000
1.,1.,1.,1.,1.,1.,1.,1.,1.,1.,1.,1.,1.,1.,1.,1.,1.,1.,1.,1.,1.,       47P   2001
1.,1.,1.,1.,1.,1.,1.,1.,1.,1.,1.,1.,1.,1.,1.,1.,1.,1.,1.,1.,1.,       47P   2002
1.,1.,1.,1.,1.,1.,1.,1.,1.,1.,1.,1.,1.,1.,1.,1.,1.,1.,1.,1.,1.,       47P   2003
1.,1.,1.,1.,1.,1.,1.,1.,1.,1.,1.,1.,1.,1.,1.,1.,1.,1.,1.,1.,1.,       47P   2004
1.,1.,1.,1.,1.,1.,1.,1.,1.,1.,1.,1.,1.,1.,1.,1.,1.,1.,1.,1.,1.,       47P   2005
1.,1.,1.,1.,1.,1.,1.,1.,1.,1.,1.,1.,1.,1.,1.,1.,1.,1.,1.,1.,1.,       47P   2006
1.,1.,1.,1.,1.,1.,1.,1.,1.,1.,1.,1.,1.,1.,1.,1.,1.,1.,1.,1.,1.,       47P   2007
1.,1.,1.,1.,1.,1.,1.,1.,1.,1.,1.,1.,1.,1.,1.,1.,1.,1.,1.,1.,1.,       47P   2008
1.,1.,1.,1.,1.,1.,1.,1.,1.,1.,1.,1.,1.,1.,1.,1.,1.,1.,1.,1.,1.,       47P   2009
1.,1.,1.,1.,1.,1.,1.,1.,1.,1.,1.,1.,1.,1.,1.,1.,1.,1.,1.,1.,1.,       47P   2010
1.,1.,1.,1.,1.,1.,1.,1.,1.,1.,1.,1.,1.,1.,1.,1.,1.,1.,1.,1.,1.,       47P   2011
1.,1.,1.,1.,1.,1.,1.,1.,1.,1.,1.,1.,1.,1.,1.,1.,1.,1.,1.,1.,1.,       47P   2012
1.,1.,1.,1.,1.,1.,1.,1.,1.,1.,1.,1.,1.,1.,1.,1.,1.,1.,1.,1.,1.,       47P   2013
1.,1.,1.,1.,1.,1.,1.,1.,1.,1.,1.,1.,1.,1.,1.,1.,1.,1.,1.,1.,1.,       47P   2014
1.,1.,1.,1.,1.,1.,1.,1.,1.,1.,1.,1.,1.,1.,1.,1.,1.,1.,1.,1.,1.,       47P   2015
1.,1.,1.,1.,1.,1.,1.,1.,1.,1.,1.,1.,1.,1.,1.,1.,1.,1.,1.,1.,1.,       47P   2016
1.,1.,1.,1.,1.,1.,1.,1.,1.,1.,1.,1.,1.,1.,1.,1.,1.,1.,1.,1.,1.,       47P   2017
1.,1.,1.,1.,1.,1.,1.,1.,1.,1.,1.,1.,1.,1.,1.,1.,1.,1.,1.,1.,1.,       47P   2018
1.,1.,1.,1.,1.,1.,1.,1.,1.,1.,1.,1.,1.,1.,1.,1.,1.,1.,1.,1.,1.,       47P   2019
1.,1.,1.,1.,1.,1.,1.,1.,1.,1.,1.,1.,1.,1.,1.,1.,1.,1.,1.,1.,1.,       47P   2020
1.,1.,1.,1.,1.,1.,1.,1.,1.,1.,1.,1.,1.,1.,1.,1.,1.,1.,1.,1.,1.,       47P   2021
1.,1.,1.,1.,1.,1.,1.,1.,1.,1.,1.,1.,1.,1.,1.,1.,1.,1.,1.,1.,1.,       47P   2022
1.,1.,1.,1.,1.,1.,1.,1.,1.,1.,1.,1.,1.,1.,1.,1.,1.,1.,1.,1.,1.,       47P   2023
1.,1.,1.,1.,1.,1.,1.,1.,1.,1.,1.,1.,1.,1.,1.,1.,1.,1.,1.,1.,1.,       47P   2024
1.,1.,1.,1.,1.,1.,1.,1.,1.,1.,1.,1.,1.,1.,1.,1.,1.,1.,1.,1.,1.,       47P   2025
1.,1.,1.,1.,1.,1.,1.,1.,1.,1.,1.,1.,1.,1.,1.,1.,1.,1.,1.,1.,1.,       47P   2026
1.,1.,1.,1.,1.,1.,1.,1.,1.,1.,1.,1.,1.,1.,1.,1.,1.,1.,1.,1.,1.,       47P   2027
1.,1.,1.,1.,1.,1.,1.,1.,1.,1.,1.,1.,1.,1.,1.,1.,1.,1.,1.,1.,1.,       47P   2028
1.,1.,1.,1.,1.,1.,1.,1.,1.,1.,1.,1.,1.,1.,1.,1.,1.,1.,1.,1.,1.,       47P   2029
1.,1.,1.,1.,1.,1.,1.,1.,1.,1.,1.,1.,1.,1.,1.,1.,1.,1.,1.,1.,1.,       47P   2030
1.,1.,1.,1.,1.,1.,1.,1.,1.,1.,1.,1.,1.,1.,1.,1.,1.,1.,1.,1.,1.,       47P   2031
1.,1.,1.,1.,1.,1.,1.,1.,1.,1.,1.,1.,1.,1.,1.,1.,1.,1.,1.,1.,1.,       47P   2032
1.,1.,1.,1.,1.,1.,1.,1.,1.,1.,1.,1.,1.,1.,1.,1.,1.,1.,1.,1.,1.,       47P   2033
1.,1.,1.,1.,1.,1.,1.,1.,1.,1.,1.,1.,1.,1.,1.,1.,1.,1.,1.,1.,1.,       47P   2034
1.,1.,1.,1.,1.,1.,1.,1.,1.,1.,1.,1.,1.,1.,1.,1.,1.,1.,1.,1.,1.,       47P   2035
1.,1.,1.,1.,1.,1.,1.,1.,1.,1.,1.,1.,1.,1.,1.,1.,1.,1.,1.,1.,1.,       47P   2036
1.,1.,1.,1.,1.,1.,1.,1.,1.,1.,1.,1.,1.,1.,1.,1.,1.,1.,1.,1.,1.,       47P   2037
1.,1.,1.,1.,1.,1.,1.,1.,1.,1.,1.,1.,1.,1.,1.,1.,1.,1.,1.,1.,1.,       47P   2038
1.,1.,1.,1.,1.,1.,1.,1.,1.,1.,1.,1.,1.,1.,1.,1.,1.,1.,1.,1.,1.,       47P   2039
1.,1.,1.,1.,1.,1.,1.,1.,1.,1.,1.,1.,1.,1.,1.,1.,1.,1.,1.,1.,1.,       47P   2040
1.,1.,1.,1.,1.,1.,1.,1.,1.,1.,1.,1.,1.,1.,1.,1.,1.,1.,1.,1.,1.,       47P   2041
1.,1.,1.,1.,1.,1.,1.,1.,1.,1.,1.,1.,1.,1.,1.,1.,1.,1.,1.,1.,1.,       47P   2042
1.,1.,1.,1.,1.,1.,1.,1.,1.,1.,1.,1.,1.,1.,1.,1.,1.,1.,1.,1.,1.,       47P   2043
1.,1.,1.,1.,1.,1.,1.,1.,1.,1.,1.,1.,1.,1.,1.,1.,1.,1.,1.,1.,1.,       47P   2044
1.,1.,1.,1.,1.,1.,1.,1.,1.,1.,1.,1.,1.,1.,1.,1.,1.,1.,1.,1.,1.,       47P   2045
1.,1.,1.,1.,1.,1.,1.,1.,1.,1.,1.,1.,1.,1.,1.,1.,1.,1.,1.,1.,1.,       47P   2046
1.,1.,1.,1.,1.,1.,1.,1.,1.,1.,1.,1.,1.,1.,1.,1.,1.,1.,1.,1.,1.,       47P   2047
1.,1.,1.,1.,1.,1.,1.,1.,1.,1.,1.,1.,1.,1.,1.,1.,1.,1.,1.,1.,1.,       47P   2048
1.,1.,1.,1.,1.,1.,1.,1.,1.,1.,1.,1.,1.,1.,1.,1.,1.,1.,1.,1.,1.,       47P   2049
1.,1.,1.,1.,1.,1.,1.,1.,1.,1.,1.,1.,1.,1.,1.,1.,1.,1.,1.,1.,1.,       47P   2050
1.,1.,1.,1.,1.,1.,1.,1.,1.,1.,1.,1.,1.,1.,1.,1.,1.,1.,1.,1.,1.,       47P   2051
1.,1.,1.,1.,1.,1.,1.,1.,1.,1.,1.,1.,1.,1.,1.,1.,1.,1.,1.,1.,1.,       47P   2052
1.,1.,1.,1.,1.,1.,1.,1.,1.,1.,1.,1.,1.,1.,1.,1.,1.,1.,1.,1.,1.,       47P   2053
1.,1.,1.,1.,1.,39.0419,-118.747,200.,38.920551711,                    47P   2054
-118.787057039,200.,38.677716108,-118.866748115,200.,                 47P   2055
38.313052567,-118.985025743,200.,37.947985834,-119.102054408,         47P   2056
200.,37.460701857,-119.256440709,200.,36.85062362,                    47P   2057
-119.446351296,200.,36.117028051,-119.669408526,200.,                 47P   2058
35.381986344,-119.88771047,200.,34.645554042,-120.101337313,          47P   2059
200.,33.907786687,-120.310369245,200.,32.922390871,                   47P   2060
-120.583058856,200.,31.687586189,-120.912834528,200.,                 47P   2061
30.201140603,-121.290734341,200.,28.958715884,-121.590714318,         47P   2062
200.,27.962652015,-121.821689955,200.,26.965208065,                   47P   2063
-122.046644554,200.,25.715882942,-122.316519342,200.,                 47P   2064
24.21287987,-122.622180858,200.,22.706283248,-122.909575451,          47P   2065
200.,21.19631245,-123.178624428,200.,19.683186847,                    47P   2066
-123.429249098,200.,18.167122973,-123.661382845,200.,                 47P   2067
16.648337359,-123.874959058,200.,15.127046536,-124.069911123,         47P   2068
200.,13.603467038,-124.246172427,200.,12.077830048,                   47P   2069
-124.403735727,200.,10.550366753,-124.54259378,200.,                  47P   2070
9.021308336,-124.662739345,200.,7.490885983,-124.764165178,           47P   2071
200.,5.959330879,-124.846864038,200.,4.426874208,                     47P   2072
-124.910828681,200.,2.382704807,-124.971126259,200.,                  47P   2073
-0.173604936,-124.999626479,200.,-3.24107677,-124.958763566,          47P   2074
200.,-6.306592107,-124.842769106,200.,-9.368294307,                   47P   2075
-124.651574729,200.,-12.424326728,-124.385112064,200.,                47P   2076
-15.472866463,-124.043528302,200.,-18.512090604,-123.62697063,        47P   2077
200.,-21.540176243,-123.135586239,200.,-24.555300472,                 47P   2078
-122.569522318,200.,-27.555627916,-121.929322059,200.,                47P   2079
-30.539323198,-121.215528653,200.,-34.492960192,-120.166404172,       47P   2080
200.,-39.384249151,-118.673731663,200.,-45.158967105,                 47P   2081
-116.597638307,200.,-50.825239114,-114.241799315,200.,                47P   2082
-56.369448033,-111.611355393,200.,-61.777976713,-108.711447251,       47P   2083
200.,-67.037901886,-105.54986485,200.,-72.136300283,                  47P   2084
-102.134398155,200.,-77.061685646,-98.473891918,200.,                 47P   2085
-81.80257172,-94.577190894,200.,-86.346106033,-90.452102917,          47P   2086
200.,-90.679436114,-86.106435825,200.,-94.793020082,                  47P   2087
-81.552256111,200.,-98.677316056,-76.801630272,200.,                  47P   2088
-102.324462387,-71.866453406,200.,-105.726597427,-66.758620611,       47P   2089
200.,-108.874601597,-61.490391589,200.,-111.759355321,                47P   2090
-56.074026042,200.,-114.375238854,-50.522960045,200.,                 47P   2091
-116.716632453,-44.850629677,200.,-118.777916376,-39.070471014,       47P   2092
200.,-120.55347088,-33.195920135,200.,-122.038673312,                 47P   2093
-27.241365418,200.,-123.22890102,-21.221195244,200.,                  47P   2094
-124.121247834,-15.1498452,200.,-124.712807585,-9.041750873,          47P   2095
200.,-125.003700808,-2.911785016,200.,-124.994048037,                 47P   2096
3.22517962,200.,-124.683969807,9.354270285,200.,-124.073586652,       47P   2097
15.460614227,200.,-123.165198728,21.529719664,200.,                   47P   2098
-121.961106192,27.547094814,200.,-120.4636092,33.498247895,           47P   2099
200.,-118.67500791,39.368687124,200.,-116.60112701,                   47P   2100
45.144601129,200.,-114.24779119,50.812178534,200.,                    47P   2101
-111.618591103,56.357002972,200.,-108.717117407,61.764658075,         47P   2102
200.,-105.553032489,67.023139627,200.,-102.135998738,                 47P   2103
72.120443411,200.,-98.473765871,77.044438777,200.,                    47P   2104
-94.574083601,81.782995073,200.,-90.446804911,86.324726918,           47P   2105
200.,-86.825953136,89.935995262,200.,-83.825774962,                   47P   2106
92.716035866,200.,-81.525236697,94.745361995,200.,                    47P   2107
-79.175637538,96.717766511,200.,-76.778429945,98.632062593,           47P   2108
200.,-74.335066379,100.48706342,200.,-71.846999298,                   47P   2109
102.281582172,200.,-69.315681164,104.014432028,200.,                  47P   2110
-66.742661522,105.684707286,200.,-64.56501852,107.023703082,          47P   2111
200.,-62.803602911,108.062706717,200.,-61.473084293,                  47P   2112
108.825749729,200.,-60.133302459,109.572469814,200.,                  47P   2113
-58.784435885,110.302677882,200.,-57.426663049,111.016184841,         47P   2114
200.,-56.060162429,111.712801602,200.,-54.685112501,                  47P   2115
112.392339073,200.,-53.301691744,113.054608164,200.,                  47P   2116
-51.910078634,113.699419784,200.,-50.510451649,114.326584843,         47P   2117
200.,-49.102989267,114.935914249,200.,-47.687969924,                  47P   2118
115.527487472,200.,-46.265672055,116.101383981,200.,                  47P   2119
-44.836374096,116.657683242,200.,-43.400354482,117.196464726,         47P   2120
200.,-41.957920716,117.717922561,200.,-40.509380297,                  47P   2121
118.222250876,200.,-39.539820584,118.547179493,200.,                  47P   2122
-39.054125452,118.706853591,200.,35.750346098,-108.514363245,         47P   2123
267.094277918,35.631788521,-108.553157957,267.094212725,              47P   2124
35.39477796,-108.630804171,267.093398405,35.039484693,                47P   2125
-108.747819119,267.090103954,34.684115154,-108.865319293,             47P   2126
267.084819902,34.20986294,-109.022709024,267.07519511,                47P   2127
33.615603452,-109.220868189,267.058482945,32.899590318,               47P   2128
-109.460697369,267.031466695,32.1800784,-109.702329901,               47P   2129
266.998019841,31.457207891,-109.945273579,266.95870429,               47P   2130
30.731117026,-110.189039405,266.914084799,29.758546418,               47P   2131
-110.51463461,266.848253248,28.534192456,-110.92172763,               47P   2132
266.755454822,27.050981413,-111.406297924,266.631837845,              47P   2133
25.802797139,-111.803642217,266.522198115,24.796619937,               47P   2134
-112.115421877,266.432888592,23.785344116,-112.42257705,              47P   2135
266.343075776,22.511663787,-112.796785572,266.230916258,              47P   2136
20.969518832,-113.229590735,266.096441067,19.415279258,               47P   2137
-113.645038789,265.962443855,17.850383618,-114.042058585,             47P   2138
265.829285577,16.276281943,-114.419559882,265.697316737,              47P   2139
14.694674784,-114.777122548,265.566675517,13.107276475,               47P   2140
-115.114309854,265.437484734,11.514660073,-115.430955442,             47P   2141
265.309953204,9.917400149,-115.726882172,265.184284992,               47P   2142
8.316019712,-116.002155344,265.060619466,6.711043381,                 47P   2143
-116.256832578,264.939092275,5.103017321,-116.490904371,              47P   2144
264.819876497,3.492489257,-116.704350956,264.703138959,               47P   2145
1.879950071,-116.896908005,264.588965211,0.265892418,                 47P   2146
-117.068306024,264.477435043,-1.887532504,-117.268373945,             47P   2147
264.332256913,-4.580569323,-117.464618032,264.157400139,              47P   2148
-7.810045251,-117.613227161,263.958079538,-11.033687022,              47P   2149
-117.67448172,263.769063268,-14.248585335,-117.648502593,             47P   2150
263.590090594,-17.451501132,-117.535184921,263.42092288,              47P   2151
-20.640035719,-117.334975727,263.261191909,-23.811787517,             47P   2152
-117.04833608,263.110512193,-26.96408178,-116.676118236,              47P   2153
262.968369052,-30.094242788,-116.219196491,262.834238666,             47P   2154
-33.20036107,-115.678707456,262.707666685,-36.280527172,              47P   2155
-115.055809505,262.588198707,-40.350305257,-114.117021839,            47P   2156
262.437763528,-45.363246243,-112.743637802,262.26517466,              47P   2157
-51.246264589,-110.785586248,262.079333511,-56.983744414,             47P   2158
-108.528150428,261.911414873,-62.565329106,-105.981918556,            47P   2159
261.758530528,-67.979808432,-103.157135257,261.617946463,             47P   2160
-73.217147703,-100.064738037,261.487309031,-78.26794436,              47P   2161
-96.716314311,261.364494502,-83.123511262,-93.122568264,              47P   2162
261.247699502,-87.776210835,-89.295062263,261.135393354,              47P   2163
-92.220791517,-85.245844101,261.026690115,-96.450995629,              47P   2164
-80.986268288,260.920870051,-100.461766809,-76.529503506,             47P   2165
260.817355111,-104.252213737,-71.89125481,260.716397318,              47P   2166
-107.814757598,-67.082228511,260.617873352,-111.139655483,            47P   2167
-62.111279713,260.521524428,-114.213078673,-56.98575237,              47P   2168
260.426410406,-117.020050613,-51.712364541,260.331369515,             47P   2169
-119.557718409,-46.306245148,260.236171987,-121.818192233,            47P   2170
-40.780228056,260.139585629,-123.792143188,-35.144638684,             47P   2171
260.039839191,-125.483991649,-29.416276348,259.938176308,             47P   2172
-126.890083894,-23.609340169,259.834810266,-127.997372774,            47P   2173
-17.733902975,259.728078733,-128.803012924,-11.804369022,             47P   2174
259.618396348,-129.305703003,-5.835751304,259.506551006,              47P   2175
-129.502795685,0.157989283,259.392257551,-129.394590634,              47P   2176
6.161811023,259.275996219,-128.981148585,12.160483104,                47P   2177
259.158714042,-128.257176931,18.140387093,259.040357143,              47P   2178
-127.220619247,24.086103584,258.921276046,-125.876989994,             47P   2179
29.980406603,258.803323332,-124.224997249,35.808595595,               47P   2180
258.686966845,-122.259539622,41.55678127,258.572374865,               47P   2181
-119.990883686,47.206944102,258.46197271,-117.424632893,              47P   2182
52.742064141,258.357225697,-114.557636798,58.146246514,               47P   2183
258.258766128,-111.394488116,63.402600597,258.168448655,              47P   2184
-107.945883585,68.494379494,258.088138176,-104.219929259,             47P   2185
73.405400421,258.019410261,-100.228921156,78.120707205,               47P   2186
257.964119787,-95.987641001,82.62595648,257.923930141,                47P   2187
-91.508903131,86.9054607,257.899975804,-87.590608347,                 47P   2188
90.271366841,257.894340906,-84.355424074,92.839357043,                47P   2189
257.898643889,-81.881219079,94.701879945,257.906244849,               47P   2190
-79.361649546,96.499830661,257.918167761,-76.799124087,               47P   2191
98.232030448,257.934313743,-74.196043022,99.897298391,                47P   2192
257.95455384,-71.556643579,101.495448053,257.978591317,               47P   2193
-68.885145057,103.026278367,258.006013082,-66.184865673,              47P   2194
104.490001551,258.036327425,-63.913399525,105.654008349,              47P   2195
258.063530633,-62.085044039,106.552983155,258.086127562,              47P   2196
-60.70868449,107.211387604,258.103399121,-59.327729779,               47P   2197
107.854252853,258.120898691,-57.942580258,108.481660781,              47P   2198
258.138512926,-56.553635498,109.093691222,258.156124257,              47P   2199
-55.161414367,109.690681589,258.173571181,-53.766434913,              47P   2200
110.272966167,258.190684352,-52.369347043,110.840729854,              47P   2201
258.207325557,-50.970800611,111.39415643,258.223359048,               47P   2202
-49.571207055,111.934273044,258.238540195,-48.170978351,              47P   2203
112.462103219,258.252615867,-46.770241617,112.979497128,              47P   2204
258.265260216,-45.369125881,113.488301297,258.276136988,              47P   2205
-43.967975495,113.990502797,258.284872594,-42.567138009,              47P   2206
114.488088394,258.291096251,-41.166515433,114.982157714,              47P   2207
258.294600472,-39.766013731,115.473816046,258.295199615,              47P   2208
-38.831608601,115.799106517,258.293853543,-38.364017251,              47P   2209
115.960913799,258.29279466,38.50853689,-116.932709135,                47P   2210
387.698765775,38.40074668,-116.947249539,387.698801722,               47P   2211
38.185054683,-116.973520011,387.699250736,37.864096193,               47P   2212
-117.021319695,387.701067288,37.54479616,-117.075731274,              47P   2213
387.703980902,37.120214286,-117.157146592,387.709287988,              47P   2214
36.589678502,-117.275684885,387.718503035,35.951548481,               47P   2215
-117.443301939,387.733399729,35.309866924,-117.633619178,             47P   2216
387.751842243,34.664647819,-117.844540424,387.773520741,              47P   2217
34.015886975,-118.073978857,387.798123819,33.145209324,               47P   2218
-118.401532315,387.834423175,32.044470541,-118.845817882,             47P   2219
387.885591999,30.699786219,-119.413789234,387.953754097,              47P   2220
29.55676433,-119.904022133,388.014209176,28.626734939,                47P   2221
-120.296203595,388.063454227,27.685924198,-120.685894424,             47P   2222
388.112976794,26.488858313,-121.16374661,388.174821277,               47P   2223
25.022927123,-121.722062154,388.248970568,23.531648598,               47P   2224
-122.263191785,388.322856302,22.01815398,-122.784114081,              47P   2225
388.39627945,20.485579016,-123.281789264,388.469046745,               47P   2226
18.937766292,-123.755275036,388.541081994,17.378576613,               47P   2227
-124.203605017,388.612317474,15.809069429,-124.626281474,             47P   2228
388.682638047,14.230258046,-125.022855356,388.751931191,              47P   2229
12.642834718,-125.392961647,388.820120059,11.047492443,               47P   2230
-125.736237145,388.887129854,9.445227715,-126.052741484,              47P   2231
388.952865142,7.837053818,-126.342519391,389.017233934,               47P   2232
6.223769573,-126.604903918,389.080189059,4.606179367,                 47P   2233
-126.839224045,389.14168652,2.444807275,-127.113729027,               47P   2234
389.221737385,-0.26334316,-127.384812801,389.318152982,               47P   2235
-3.515805911,-127.594825719,389.428057872,-6.764543256,               47P   2236
-127.690252033,389.53228098,-10.005294951,-127.672323785,             47P   2237
389.630966073,-13.233070306,-127.541691102,389.724244737,             47P   2238
-16.44459254,-127.300571725,389.812320002,-19.636601108,              47P   2239
-126.951192826,389.895404428,-22.805261844,-126.496516892,            47P   2240
389.973781808,-25.946742431,-125.93949654,390.047740974,              47P   2241
-29.059031094,-125.283110001,390.117532454,-32.140116109,             47P   2242
-124.530326304,390.183406804,-36.203884694,-123.40204914,             47P   2243
390.266356393,-41.195312597,-121.765557076,390.361521471,             47P   2244
-47.029276507,-119.460906293,390.463993825,-52.694394285,             47P   2245
-116.838621687,390.55658375,-58.184986743,-113.920245926,             47P   2246
390.640883803,-63.493465225,-110.725862947,390.718401512,             47P   2247
-68.613304032,-107.272805581,390.790434672,-73.539457345,             47P   2248
-103.579297401,390.858154302,-78.266099722,-99.658791826,             47P   2249
390.922554779,-82.789877456,-95.526213951,390.984480113,              47P   2250
-87.11366137,-91.197784286,391.044418813,-91.236889057,               47P   2251
-86.686986098,391.102767737,-95.157310147,-82.005536944,              47P   2252
391.159845621,-98.882243305,-77.170210045,391.2155135,                47P   2253
-102.402186654,-72.187875725,391.269839374,-105.702758205,            47P   2254
-67.061315514,391.322965934,-108.767056031,-61.792592935,             47P   2255
391.375411572,-111.575471968,-56.382278257,391.427816887,             47P   2256
-114.131825132,-50.847750114,391.48030857,-116.42730654,              47P   2257
-45.20119736,391.533566051,-118.449861732,-39.449137847,              47P   2258
391.588565993,-120.220564846,-33.611660347,391.644622657,             47P   2259
-121.737854151,-27.700978524,391.701618439,-122.976549845,            47P   2260
-21.719878652,391.760469945,-123.934973537,-15.68090196,              47P   2261
391.820948543,-124.614633843,-9.597656026,391.88261979,               47P   2262
-125.011171631,-3.481723022,391.945640922,-125.124481511,             47P   2263
2.654140699,392.009747135,-124.952486186,8.797440559,                 47P   2264
392.074416239,-124.485001437,14.937457643,392.139677943,              47P   2265
-123.715255235,21.05937715,392.205338968,-122.652124483,              47P   2266
27.145239791,392.270377806,-121.288800737,33.182351954,               47P   2267
392.334536487,-119.610274578,39.159709275,392.397722224,              47P   2268
-117.632040215,45.056074769,392.458597702,-115.357633514,             47P   2269
50.85243877,392.516354948,-112.774071472,56.532967741,                47P   2270
392.570645313,-109.884662491,62.079724847,392.620446146,              47P   2271
-106.697464332,67.471460037,392.664729147,-103.215099578,             47P   2272
72.687667879,392.702625551,-99.451419173,77.710635412,                47P   2273
392.733112583,-95.425040758,82.523499821,392.755273055,               47P   2274
-91.143439381,87.105164828,392.768481418,-87.372441207,               47P   2275
90.714069954,392.771588487,-84.248932497,93.470991325,                47P   2276
392.769215833,-81.855477871,95.472092692,392.765024682,               47P   2277
-79.413734999,97.405116124,392.758450417,-76.925923523,               47P   2278
99.268458059,392.749547562,-74.394269851,101.060517991,               47P   2279
392.738387223,-71.825020066,102.782065501,392.725133016,              47P   2280
-69.224343114,104.434745437,392.710012723,-66.596402681,              47P   2281
106.018537428,392.693297468,-64.384948417,107.280613831,              47P   2282
392.678297686,-62.603918258,108.256417245,392.665837795,              47P   2283
-61.262700376,108.971515647,392.6563143,-59.916525762,                47P   2284
109.670034693,392.64666508,-58.565827304,110.353472149,               47P   2285
392.636952634,-57.211042182,111.023326382,392.627241789,              47P   2286
-55.853351186,111.680254793,392.617621598,-54.493380212,              47P   2287
112.32691694,392.608185437,-53.132303948,112.963989701,               47P   2288
392.599009517,-51.771466707,113.593786888,392.59016869,               47P   2289
-50.41072014,114.217561812,392.581797843,-49.047315209,               47P   2290
114.831381771,392.574036552,-47.678283458,115.433555543,              47P   2291
392.567064489,-46.300506605,116.022201072,392.561067063,              47P   2292
-44.911267816,116.595628481,392.556250271,-43.508114281,              47P   2293
117.1525209,392.552818562,-42.086809437,117.688665277,                47P   2294
392.550886343,-40.651388591,118.207277568,392.550555978,              47P   2295
-39.687010553,118.541093583,392.551298198,-39.203424065,              47P   2296
118.704770017,392.551882064,95.66050816,-291.857491256,               47P   2297
538.487287007,95.451474545,-292.005167706,538.487277573,              47P   2298
95.032530736,-292.308413592,538.487159736,94.389981767,               47P   2299
-292.718422942,538.486683006,93.737670425,-293.090862948,             47P   2300
538.485918367,92.859902069,-293.536980862,538.484525592,              47P   2301
91.757020526,-293.999251926,538.482107226,90.433272473,               47P   2302
-294.407655589,538.478197787,89.119121054,-294.680891462,             47P   2303
538.473357795,87.814553741,-294.82833328,538.467668561,               47P   2304
86.519635258,-294.859310449,538.461211811,84.810500396,               47P   2305
-294.758590396,538.451685528,82.715345773,-294.391249066,             47P   2306
538.438256951,80.285965087,-293.654841763,538.420368716,              47P   2307
78.345829592,-292.848458592,538.404503085,76.854853985,               47P   2308
-292.132212251,538.391579377,75.406572032,-291.379378235,             47P   2309
538.378582838,73.680463565,-290.389792607,538.362352577,              47P   2310
71.725735382,-289.121685547,538.342893083,69.869879056,               47P   2311
-287.778167139,538.323502755,68.099490181,-286.368140942,             47P   2312
538.304233827,66.401122374,-284.900624066,538.285137019,              47P   2313
64.758838094,-283.382693474,538.266232327,63.156597825,               47P   2314
-281.821557547,538.247537523,61.592010977,-280.221976414,             47P   2315
538.229082825,60.062869635,-278.588536546,538.210897761,              47P   2316
58.568539791,-276.926878704,538.1930025,57.108381116,                 47P   2317
-275.24265227,538.175416672,55.680486469,-273.539943343,              47P   2318
538.15816532,54.282877881,-271.822919343,538.141272587,               47P   2319
52.913583753,-270.094173237,538.124750853,51.570606395,               47P   2320
-268.356325095,538.108611663,49.812017794,-266.028747637,             47P   2321
538.087603379,47.668186452,-263.102868385,538.062300389,              47P   2322
45.161643804,-259.574465952,538.033457313,42.706084271,               47P   2323
-256.034195395,538.006105346,40.297897566,-252.487131464,             47P   2324
537.980206756,37.929847712,-248.941160647,537.955727013,              47P   2325
35.597011986,-245.39822944,537.932612831,33.294527061,                47P   2326
-241.860217221,537.91080843,31.018114705,-238.328472081,              47P   2327
537.89023933,28.763502113,-234.804336103,537.870829731,               47P   2328
26.528609131,-231.288183162,537.852513886,24.311355852,               47P   2329
-227.780379009,537.83522604,21.375613105,-223.114745166,              47P   2330
537.813457024,17.739071531,-217.304708038,537.788482216,              47P   2331
13.412513767,-210.372125598,537.76158971,9.114473505,                 47P   2332
-203.47261041,537.737290717,4.844389936,-196.601250253,               47P   2333
537.71516729,0.592241704,-189.759719866,537.694823799,                47P   2334
-3.648469718,-182.945685856,537.675919655,-7.876971846,               47P   2335
-176.151879166,537.658147539,-12.100718297,-169.378986714,            47P   2336
537.641246491,-16.315031374,-162.619988235,537.624995012,             47P   2337
-20.488966354,-155.850054144,537.609264898,-24.607491249,             47P   2338
-149.056815754,537.593951999,-28.659877492,-142.231248844,            47P   2339
537.578972668,-32.588220343,-135.338707282,537.564363374,             47P   2340
-36.36303269,-128.362374417,537.550106272,-39.97896974,               47P   2341
-121.305740123,537.536163913,-43.449314083,-114.178321977,            47P   2342
537.522400253,-46.800627854,-106.996949475,537.508647176,             47P   2343
-50.007778731,-99.751688311,537.494871433,-53.106938077,              47P   2344
-92.458265262,537.480894715,-56.179963489,-85.151610834,              47P   2345
537.466460713,-59.146777096,-77.798572906,537.451749387,              47P   2346
-61.977911555,-70.386206965,537.436791603,-64.758498386,              47P   2347
-62.948093888,537.421346809,-67.461249721,-55.473724061,              47P   2348
537.405475006,-70.042839931,-47.947030552,537.389290208,              47P   2349
-72.525304071,-40.375505438,537.37275115,-74.907432072,               47P   2350
-32.759669426,537.355927328,-77.161675305,-25.09277624,               47P   2351
537.338955782,-79.304240271,-17.378576228,537.321828717,              47P   2352
-81.344935217,-9.61926815,537.304596855,-83.214841396,                47P   2353
-1.800639279,537.287528277,-84.932799447,6.072503365,                 47P   2354
537.270690685,-86.558579439,13.986866886,537.25410843,                47P   2355
-87.99808764,21.957655645,537.238132471,-89.215061235,                47P   2356
29.989030656,537.22297485,-90.257922782,38.070028526,                 47P   2357
537.208727067,-91.093423255,46.200221907,537.195657501,               47P   2358
-91.679149513,54.378633035,537.184036017,-91.999951248,               47P   2359
62.600114958,537.17409061,-92.009512404,70.854640969,                 47P   2360
537.166089694,-91.637163761,79.127489176,537.160273973,               47P   2361
-90.858121586,87.398440263,537.156807614,-89.832955779,               47P   2362
94.266293578,537.155992205,-88.742041697,99.720640115,                47P   2363
537.156614877,-87.782795915,103.786326414,537.157714788,              47P   2364
-86.676819666,107.821833558,537.159440117,-85.419232585,              47P   2365
111.818866701,537.161776552,-84.005144267,115.769123205,              47P   2366
537.164705435,-82.409665779,119.652692776,537.168183825,              47P   2367
-80.608256007,123.446171068,537.172151945,-78.586727776,              47P   2368
127.131568902,537.176538641,-76.715972624,130.099025855,              47P   2369
537.180475134,-75.113050493,132.406512883,537.183745067,              47P   2370
-73.857893445,134.10295721,537.186244381,-72.549964017,               47P   2371
135.764300982,537.188776691,-71.187451431,137.381028344,              47P   2372
537.191325593,-69.768529257,138.943625251,537.193874075,              47P   2373
-68.28812918,140.445429336,537.196398766,-66.743418966,               47P   2374
141.8717227,537.198875161,-65.130422556,143.218076246,                47P   2375
537.201283259,-63.444480993,144.473471825,537.203603416,              47P   2376
-61.687440612,145.629411077,537.205800234,-59.87161873,               47P   2377
146.698285498,537.207837081,-58.011512934,147.68347938,               47P   2378
537.209666806,-56.122220157,148.589153,537.211240751,                 47P   2379
-54.216773907,149.418401093,537.212504854,-52.307137919,              47P   2380
150.17281705,537.21340546,-50.412636465,150.865362754,                47P   2381
537.213912545,-48.519277576,151.47907423,537.213999245,               47P   2382
-47.252899893,151.837283303,537.213804459,-46.617591212,              47P   2383
152.004827071,537.213651232,137.956032323,-423.875266589,             47P   2384
715.191467504,137.925703069,-423.61641206,715.191469772,              47P   2385
137.851769965,-423.035122148,715.191498109,137.749334497,             47P   2386
-422.198227527,715.191612749,137.651325691,-421.372453879,            47P   2387
715.191796622,137.523933966,-420.287648884,715.192131544,             47P   2388
137.365944388,-418.964794054,715.192713091,137.177839465,             47P   2389
-417.430753297,715.193653198,136.987066595,-415.93440596,             47P   2390
715.194817077,136.794317485,-414.476452481,715.196185173,             47P   2391
136.600028779,-413.057740577,715.197737835,136.337338132,             47P   2392
-411.21161636,715.20002863,135.999012341,-408.976506933,              47P   2393
715.203257815,135.560444444,-406.35275604,715.207559419,              47P   2394
135.172260643,-404.223888386,715.211374645,134.844033044,             47P   2395
-402.533476052,715.214482423,134.502751872,-400.845887702,            47P   2396
715.217607715,134.047460326,-398.732003014,715.221510624,             47P   2397
133.462915148,-396.203723218,715.22619007,132.848364496,              47P   2398
-393.695992328,715.230852883,132.20549975,-391.206641466,             47P   2399
715.235486504,131.53615549,-388.733119695,715.240078734,              47P   2400
130.843315947,-386.276711711,715.244624766,130.130306979,             47P   2401
-383.838262462,715.249120326,129.398146963,-381.417833545,            47P   2402
715.253558148,128.647253854,-379.016053212,715.25793113,              47P   2403
127.875319274,-376.627145506,715.262234423,127.080056354,             47P   2404
-374.245302701,715.266463307,126.262860695,-371.8726259,              47P   2405
715.270611758,125.425361655,-369.510944095,715.274673972,             47P   2406
124.567730772,-367.158770424,715.278646972,123.690226224,             47P   2407
-364.81452657,715.282527981,122.49416876,-361.697787293,              47P   2408
715.287579866,120.951034552,-357.815444048,715.293664504,             47P   2409
119.031840437,-353.182981346,715.30060043,117.053886948,              47P   2410
-348.581477845,715.307177788,115.019113309,-344.004859662,            47P   2411
715.31340565,112.930212831,-339.446479425,715.319292321,              47P   2412
110.791038837,-334.907128897,715.324850614,108.605250491,             47P   2413
-330.387826876,715.330093942,106.375204052,-325.88696105,             47P   2414
715.335040216,104.103238361,-321.402948608,715.339707664,             47P   2415
101.790978991,-316.935676399,715.344112095,99.440050702,              47P   2416
-312.485067622,715.348269323,96.257834277,-306.571927479,             47P   2417
715.353504142,92.198049113,-299.217685705,715.359509862,              47P   2418
87.215508217,-290.435670661,715.365976732,82.141033811,               47P   2419
-281.700830943,715.371819938,76.976740439,-273.009539651,             47P   2420
715.377139983,71.726815565,-264.356673696,715.382032004,              47P   2421
66.404221462,-255.739305239,715.386577905,61.020134256,               47P   2422
-247.155664602,715.390851585,55.594652301,-238.592715089,             47P   2423
715.394915799,50.144807087,-230.039175085,715.39882381,               47P   2424
44.696735806,-221.481408401,715.402606448,39.295416985,               47P   2425
-212.891391844,715.406288757,33.98560952,-204.242990417,              47P   2426
715.409890853,28.800756013,-195.516227247,715.413403966,              47P   2427
23.770359806,-186.699539305,715.416832388,18.929755418,               47P   2428
-177.776481484,715.420185122,14.256231471,-168.764108107,             47P   2429
715.423494884,9.73232366,-159.67590568,715.426802102,                 47P   2430
5.321648148,-150.531289689,715.43011477,1.016800045,                  47P   2431
-141.336895079,715.433475767,-3.174555233,-132.091371222,             47P   2432
715.436946727,-7.304435863,-122.818336404,715.440484376,              47P   2433
-11.381219357,-113.522568943,715.444081291,-15.354600098,             47P   2434
-104.183974518,715.447795318,-19.233833497,-94.807730599,             47P   2435
715.451612028,-23.029566883,-85.399313146,715.455504004,              47P   2436
-26.749736185,-75.962833367,715.459481169,-30.377939237,              47P   2437
-66.493389428,715.463526812,-33.890813421,-56.982932099,              47P   2438
715.467607978,-37.300411318,-47.438190839,715.471726543,              47P   2439
-40.608264694,-37.861815448,715.475870308,-43.825752528,              47P   2440
-28.256647071,715.479974807,-46.933392477,-18.618943714,              47P   2441
715.484023761,-49.899877917,-8.942495632,715.488011315,               47P   2442
-52.760178825,0.763183574,715.491853071,-55.516728733,                47P   2443
10.49640916,715.495498041,-58.141129607,20.262071327,                 47P   2444
715.498924221,-60.624820535,30.061110557,715.502067074,               47P   2445
-62.96059154,39.894416808,715.504861705,-65.13784142,                 47P   2446
49.761436777,715.507253288,-67.150915205,59.664135228,                47P   2447
715.509177277,-68.99864917,69.603910029,715.51057579,                 47P   2448
-70.618923751,79.587205018,715.511409349,-71.744679643,               47P   2449
87.944164988,715.511605431,-72.510599031,94.658789347,                47P   2450
715.511455697,-73.008718368,99.706226567,715.5111912,                 47P   2451
-73.421540124,104.762073494,715.510776308,-73.73877202,               47P   2452
109.825954264,715.510214463,-73.950151151,114.8975177,                47P   2453
715.509510151,-74.05247899,119.982716417,715.508673699,               47P   2454
-74.041404609,125.098993567,715.507719481,-73.909265311,              47P   2455
130.235599563,715.506664607,-73.661905716,134.51963738,               47P   2456
715.505717994,-73.362142146,137.920612021,715.50493167,               47P   2457
-73.081770223,140.451167363,715.504330657,-72.741239089,              47P   2458
142.95449189,715.50372171,-72.338503815,145.446629497,                47P   2459
715.503108773,-71.871570611,147.943617211,715.502495936,              47P   2460
-71.345249299,150.443736479,715.501888821,-70.75699163,               47P   2461
152.971773668,715.50129332,-70.107609774,155.529058217,               47P   2462
715.500714242,-69.400162918,158.138599997,715.500156311,              47P   2463
-68.623807811,160.787869467,715.49962804,-67.733247238,               47P   2464
163.395598556,715.499138237,-66.688680057,165.892722414,              47P   2465
715.498698241,-65.44833385,168.207621243,715.498319753,               47P   2466
-63.970399961,170.267533624,715.498015772,-62.216591171,              47P   2467
172.004638097,715.497799203,-60.137241746,173.338389407,              47P   2468
715.497677263,-57.79231298,174.286714217,715.497656415,               47P   2469
-56.101805172,174.683889225,715.497703255,-55.236743515,              47P   2470
174.826673223,715.497740102,75.393110519,-360.993247357,              47P   2471
894.909084663,75.330270146,-360.86570778,894.909084074,               47P   2472
75.202054594,-360.595228684,894.909076721,75.00048484,                47P   2473
-360.138591184,894.909046974,74.801900467,-359.69036263,              47P   2474
894.908999261,74.544237777,-359.095833242,894.908912354,              47P   2475
74.241415748,-358.342953174,894.908761451,73.895765719,               47P   2476
-357.39973559,894.908517506,73.567383583,-356.448175289,              47P   2477
894.908215496,73.252606756,-355.48117233,894.907860495,               47P   2478
72.948657811,-354.491115421,894.907457601,72.556113852,               47P   2479
-353.152656621,894.906863172,72.086642485,-351.46808732,              47P   2480
894.906025245,71.532849822,-349.399298569,894.904909039,              47P   2481
71.069805235,-347.672518104,894.903919043,70.689969303,               47P   2482
-346.296262133,894.903112618,70.302034298,-344.922874005,             47P   2483
894.902301649,69.804878121,-343.207439892,894.9012889,                47P   2484
69.195895668,-341.152775628,894.90007465,68.579530668,                47P   2485
-339.109085618,894.898864716,67.957522905,-337.066682963,             47P   2486
894.897662358,67.331114053,-335.017208438,894.896470739,              47P   2487
66.706063232,-332.965183278,894.895291108,66.08694275,                47P   2488
-330.916656266,894.894124574,65.467120453,-328.865970716,             47P   2489
894.892973022,64.842047175,-326.805505136,894.891838296,              47P   2490
64.21128878,-324.740173902,894.890721652,63.574336336,                47P   2491
-322.675002456,894.889624317,62.930090189,-320.612530133,             47P   2492
894.888547853,62.27663949,-318.556241492,894.887493766,               47P   2493
61.614368181,-316.504730116,894.886462829,60.94335941,                47P   2494
-314.456907477,894.885455762,60.037074511,-311.729769398,             47P   2495
894.88414487,58.882723772,-308.324114994,894.882565993,               47P   2496
57.467176376,-304.244987366,894.880766218,56.023389272,               47P   2497
-300.178835029,894.879059487,54.551056802,-296.123701855,             47P   2498
894.877443445,53.05008553,-292.077425004,894.875915938,               47P   2499
51.521581855,-288.041814985,894.87447364,49.967325493,                47P   2500
-284.017893027,894.873113071,48.38817892,-280.004629969,              47P   2501
894.871829583,46.78506494,-276.000891838,894.870618446,               47P   2502
45.158597166,-272.007076452,894.869475559,43.509392021,               47P   2503
-268.023453092,894.868396817,41.281907422,-262.725048365,             47P   2504
894.867038456,38.447411885,-256.125401292,894.865480057,              47P   2505
34.977364765,-248.235481176,894.863801996,31.448223897,               47P   2506
-240.377073994,894.862285767,27.861577066,-232.547303454,             47P   2507
894.860905291,24.219173931,-224.74337749,894.859635881,               47P   2508
20.528102699,-216.963453909,894.858456284,16.796045539,               47P   2509
-209.205489472,894.857347325,13.03517339,-201.462709051,              47P   2510
894.856292719,9.258971194,-193.728222439,894.855278646,               47P   2511
5.493495767,-185.988711581,894.854297105,1.773387329,                 47P   2512
-178.228149042,894.853341598,-1.867067388,-170.430525702,             47P   2513
894.852406905,-5.39074294,-162.578245602,894.851495302,               47P   2514
-8.770331929,-154.663031837,894.850605676,-11.980128879,              47P   2515
-146.677870674,894.849735689,-15.038671455,-138.633146893,            47P   2516
894.848876852,-17.965726839,-130.540082288,894.848018676,             47P   2517
-20.780161102,-122.407153356,894.847159086,-23.497406963,             47P   2518
-114.241026176,894.846286955,-26.128811764,-106.047105604,            47P   2519
894.84538629,-28.693277745,-97.831427593,894.844468321,               47P   2520
-31.190153156,-89.594183701,894.843534972,-33.604497161,              47P   2521
-81.331912167,894.842571235,-35.936316286,-73.045389382,              47P   2522
894.841580853,-38.183634734,-64.734745926,894.84057094,               47P   2523
-40.356187878,-56.403151546,894.839538923,-42.443330457,              47P   2524
-48.048863306,894.838489136,-44.422416133,-39.667296263,              47P   2525
894.837430131,-46.304680273,-31.262306538,894.836361422,              47P   2526
-48.093177079,-22.835815585,894.835286174,-49.779618894,              47P   2527
-14.38690938,894.834221114,-51.35540204,-5.915350877,                 47P   2528
894.833170468,-52.812487881,2.578765018,894.832135755,                47P   2529
-54.154154315,11.093408806,894.831138874,-55.373926229,               47P   2530
19.627894897,894.830193056,-56.462516182,28.181824666,                47P   2531
894.829304011,-57.407586322,36.754414945,894.828488485,               47P   2532
-58.195123219,45.344690371,894.827763318,-58.815206082,               47P   2533
53.950123958,894.827142736,-59.25361319,62.568486336,                 47P   2534
894.826643488,-59.493504859,71.19611746,894.826280594,                47P   2535
-59.489121849,79.827648462,894.826064297,-59.250932781,               47P   2536
87.016450787,894.826013417,-58.909937059,92.762973731,                47P   2537
894.826052271,-58.571906144,97.066708275,894.826120904,               47P   2538
-58.144529218,101.360386975,894.826228562,-57.619893967,              47P   2539
105.640874406,894.826374353,-56.989987102,109.904949742,              47P   2540
894.826557112,-56.247333257,114.152573776,894.82677416,               47P   2541
-55.382804359,118.388074837,894.827021766,-54.389112093,              47P   2542
122.601243668,894.82729549,-53.430140978,126.076248233,               47P   2543
894.827541123,-52.574255429,128.81482321,894.827745163,               47P   2544
-51.885391554,130.842797409,894.827901117,-51.146978015,              47P   2545
132.839597484,894.828059131,-50.356407116,134.812972469,              47P   2546
894.828218179,-49.510893808,136.770695444,894.828377201,              47P   2547
-48.612265718,138.712137967,894.828534739,-47.656704604,              47P   2548
140.648826548,894.828689263,-46.643862991,142.581710525,              47P   2549
894.828839526,-45.572753075,144.523075991,894.828984301,              47P   2550
-44.438000329,146.462562473,894.82912138,-43.218355471,               47P   2551
148.344684362,894.829248477,-41.895488877,150.120807525,              47P   2552
894.829362649,-40.450604549,151.740808404,894.829460862,              47P   2553
-38.863968532,153.15328324,894.82953974,-37.118353547,                47P   2554
154.31095628,894.829595937,-35.190144615,155.157045326,               47P   2555
894.829627579,-33.114728952,155.707482633,894.829632989,              47P   2556
-31.664946008,155.894067988,894.829620834,-30.930407087,              47P   2557
155.946512853,894.829611273,49.312772068,-341.470921252,              47P   2558
1068.173845735,49.3255519,-341.253297811,1068.173845893,              47P   2559
49.354270273,-340.787050395,1068.173847858,49.404723835,              47P   2560
-340.072847596,1068.173855808,49.455638977,-339.407660016,            47P   2561
1068.173868558,49.507471961,-338.557314261,1068.173891784,            47P   2562
49.510783121,-337.510299981,1068.173932112,49.462864508,              47P   2563
-336.38580564,1068.173997304,49.362573274,-335.29245367,              47P   2564
1068.174078015,49.222578948,-334.250631567,1068.174172886,            47P   2565
49.052253641,-333.282631781,1068.174280557,48.789275467,              47P   2566
-332.052326574,1068.174439415,48.399702364,-330.556969083,            47P   2567
1068.174663345,47.891084685,-328.808965808,1068.174961644,            47P   2568
47.475699645,-327.36138648,1068.175226214,47.174000254,               47P   2569
-326.161528329,1068.175441726,46.897165741,-324.927894648,            47P   2570
1068.175658452,46.582324364,-323.322586155,1068.175929103,            47P   2571
46.237144254,-321.339279338,1068.176253603,45.915533441,              47P   2572
-319.325085422,1068.17657695,45.601713414,-317.293766776,             47P   2573
1068.176898273,45.281761569,-315.254139364,1068.177216725,            47P   2574
44.941927053,-313.232514751,1068.177531974,44.572880526,              47P   2575
-311.249513598,1068.177843723,44.183079647,-309.287705558,            47P   2576
1068.178151467,43.773222643,-307.33697918,1068.178454716,             47P   2577
43.346889623,-305.394027003,1068.178753132,42.907939369,              47P   2578
-303.455127591,1068.179046387,42.459025014,-301.518845504,            47P   2579
1068.179334065,42.005821571,-299.580223864,1068.179615763,            47P   2580
41.546236727,-297.640522972,1068.179891275,41.079298734,              47P   2581
-295.699818786,1068.180160407,40.445785521,-293.111239985,            47P   2582
1068.180510734,39.630598586,-289.873836272,1068.180932679,            47P   2583
38.60912932,-286.003489582,1068.181413657,37.547133505,               47P   2584
-282.153346374,1068.18186977,36.449151862,-278.31597105,              47P   2585
1068.182301647,35.318143893,-274.485311985,1068.182709863,            47P   2586
34.156980674,-270.661445068,1068.183095308,32.966025152,              47P   2587
-266.847386831,1068.183458911,31.746076808,-263.042640698,            47P   2588
1068.183801915,30.497710416,-259.247101236,1068.184125584,            47P   2589
29.221842898,-255.460487434,1068.184431013,27.919380703,              47P   2590
-251.682997785,1068.1847193,26.150122251,-246.65772289,               47P   2591
1068.185082313,23.882410445,-240.396956803,1068.185498785,            47P   2592
21.08151028,-232.908103321,1068.185947236,18.215856103,               47P   2593
-225.448339556,1068.186352439,15.287836025,-218.013401128,            47P   2594
1068.186721362,12.297179547,-210.600137373,1068.187060604,            47P   2595
9.254218687,-203.207488826,1068.187375843,6.168639071,                47P   2596
-195.834077934,1068.187672206,3.05267043,-188.47409269,               47P   2597
1068.187954042,-0.08374539,-181.120479848,1068.188225047,             47P   2598
-3.204549137,-173.761633873,1068.188487357,-6.281922027,              47P   2599
-166.383332238,1068.18874271,-9.278683957,-158.971628967,             47P   2600
1068.188992501,-12.158048304,-151.512960655,1068.189236121,           47P   2601
-14.894557164,-144.001011766,1068.189473868,-17.461992598,            47P   2602
-136.42914286,1068.189706366,-19.879438742,-128.80752971,             47P   2603
1068.189935885,-22.166144571,-121.146456244,1068.190165227,           47P   2604
-24.345837884,-113.454045186,1068.190394947,-26.428351688,            47P   2605
-105.734939295,1068.190628018,-28.422787486,-97.992653286,            47P   2606
1068.190868715,-30.354584516,-90.234454148,1068.191114037,            47P   2607
-32.223902767,-82.461480729,1068.191363468,-34.007848691,             47P   2608
-74.668393789,1068.191621021,-35.708425144,-66.856852848,             47P   2609
1068.191885694,-37.325464174,-59.027914821,1068.192155586,            47P   2610
-38.870365278,-51.184544885,1068.192431387,-40.330375972,             47P   2611
-43.325443903,1068.192711935,-41.684244086,-35.447459544,             47P   2612
1068.192994947,-42.946223138,-27.554623257,1068.193280553,            47P   2613
-44.120017219,-19.648647148,1068.193567906,-45.205323875,             47P   2614
-11.730296651,1068.193852536,-46.190235812,-3.79929617,               47P   2615
1068.194133315,-47.062703693,4.144581097,1068.194409835,              47P   2616
-47.831799823,12.098678765,1068.194676245,-48.494125164,              47P   2617
20.06177619,1068.194929009,-49.040059306,28.033384256,                47P   2618
1068.195166601,-49.456801755,36.012329631,1068.195384544,             47P   2619
-49.73266039,43.997085933,1068.195578341,-49.856945649,               47P   2620
51.984782153,1068.195744187,-49.819794373,59.973310855,               47P   2621
1068.195877608,-49.612081288,67.959235236,1068.195974589,             47P   2622
-49.184657497,75.935790122,1068.196032393,-48.616381633,              47P   2623
82.567289239,1068.19604599,-48.026580223,87.862006004,                47P   2624
1068.196035607,-47.510732916,91.823809193,1068.196017265,             47P   2625
-46.915483292,95.772384785,1068.195988494,-46.233979531,              47P   2626
99.705000411,1068.195949532,-45.459745696,103.619241761,              47P   2627
1068.195900691,-44.585904449,107.513863658,1068.195842687,            47P   2628
-43.604389325,111.397361585,1068.195776515,-42.509706495,             47P   2629
115.254555391,1068.195703364,-41.48082722,118.43713496,               47P   2630
1068.195637721,-40.579895205,120.940070762,1068.195583192,            47P   2631
-39.863267985,122.790769513,1068.195541514,-39.103715635,             47P   2632
124.609930564,1068.195499286,-38.297966058,126.406719833,             47P   2633
1068.195456782,-37.4434078,128.190213587,1068.195414284,              47P   2634
-36.542962669,129.958264683,1068.195372183,-35.592454962,             47P   2635
131.725015196,1068.195330887,-34.591833761,133.491192092,             47P   2636
1068.195290731,-33.540903201,135.270225612,1068.195252041,            47P   2637
-32.433079529,137.049982972,1068.195215407,-31.249430527,             47P   2638
138.776354824,1068.195181441,-29.972883102,140.400515275,             47P   2639
1068.195150929,-28.586057797,141.87171874,1068.195124683,             47P   2640
-27.070990476,143.139551143,1068.195103603,-25.411619784,             47P   2641
144.154451836,1068.195088585,-23.586855207,144.863401926,             47P   2642
1068.195080129,-21.634874594,145.279054434,1068.195078683,            47P   2643
-20.276995217,145.379518862,1068.195081931,-19.591189727,             47P   2644
145.388805393,1068.195084486,35.49543378,-300.402727602,              47P   2645
1242.318934329,35.323119969,-300.494275456,1242.318934287,            47P   2646
34.958159994,-300.664467223,1242.31893376,34.382707832,               47P   2647
-300.865693658,1242.318931629,33.817645734,-300.990934105,            47P   2648
1242.31892821,33.130491856,-301.060962709,1242.318921983,             47P   2649
32.494520994,-300.969965975,1242.318911171,31.962822235,              47P   2650
-300.598280193,1242.318893692,31.616649615,-300.017875931,            47P   2651
1242.318872053,31.423294093,-299.253805873,1242.318846617,            47P   2652
31.36234484,-298.324017895,1242.318817749,31.422766365,               47P   2653
-296.909846576,1242.318775158,31.706571989,-294.899519201,            47P   2654
1242.31871512,32.181157702,-292.320396708,1242.318635144,             47P   2655
32.528042206,-290.202529871,1242.31856421,32.672343396,               47P   2656
-288.663931715,1242.318506429,32.708364394,-287.238276422,            47P   2657
1242.318448323,32.602541508,-285.643544152,1242.318375759,            47P   2658
32.310308205,-283.916806586,1242.318288757,31.89819794,               47P   2659
-282.331796686,1242.318202065,31.422376571,-280.818099818,            47P   2660
1242.318115916,30.932087996,-279.323749815,1242.318030536,            47P   2661
30.484203802,-277.77848997,1242.317946014,30.119104808,               47P   2662
-276.133288744,1242.317862432,29.797418137,-274.430086841,            47P   2663
1242.317779923,29.508710787,-272.683528224,1242.317698619,            47P   2664
29.237774687,-270.910176429,1242.317618611,28.968362392,              47P   2665
-269.12813906,1242.317539986,28.689634336,-267.348863771,             47P   2666
1242.317462857,28.379480413,-265.596932009,1242.317387331,            47P   2667
28.046079054,-263.864249914,1242.317313464,27.693429373,              47P   2668
-262.147140841,1242.317241307,27.202282665,-259.872645984,            47P   2669
1242.317147381,26.560505591,-257.04879433,1242.317034254,             47P   2670
25.780623656,-253.646035471,1242.3169053,24.993026002,                47P   2671
-250.227505372,1242.316783011,24.186354073,-246.807516296,            47P   2672
1242.316667221,23.355358203,-243.39505453,1242.316557775,             47P   2673
22.496586489,-239.995150063,1242.316454433,21.615941405,              47P   2674
-236.601865224,1242.316356948,20.715835547,-233.213795984,            47P   2675
1242.316264985,19.799519573,-229.828079309,1242.316178207,            47P   2676
18.866924233,-226.446281835,1242.316096318,17.918019329,              47P   2677
-223.068181643,1242.316019026,16.631181459,-218.570238187,            47P   2678
1242.315921699,14.983100667,-212.958158597,1242.315810039,            47P   2679
12.961334759,-206.236527214,1242.315689805,10.891852943,              47P   2680
-199.526559771,1242.315581166,8.773219048,-192.830969087,             47P   2681
1242.315482254,6.614462489,-186.147932324,1242.3153913,               47P   2682
4.416406153,-179.476513731,1242.315306781,2.181864757,                47P   2683
-172.817249348,1242.315227324,-0.079783513,-166.164934102,            47P   2684
1242.315151761,-2.351324921,-159.519439053,1242.315079102,            47P   2685
-4.625301574,-152.868951106,1242.315008774,-6.869871023,              47P   2686
-146.214817805,1242.314940311,-9.060297227,-139.54549285,             47P   2687
1242.31487334,-11.173100299,-132.849482134,1242.314808023,            47P   2688
-13.186689271,-126.12480169,1242.314744281,-15.080914733,             47P   2689
-119.36950341,1242.314681946,-16.868963193,-112.587341755,            47P   2690
1242.314620409,-18.563976965,-105.782042189,1242.314558921,           47P   2691
-20.179023535,-98.95816805,1242.314497331,-21.730895708,              47P   2692
-92.121215685,1242.314434842,-23.218017144,-85.270003775,             47P   2693
1242.314370309,-24.659638764,-78.409949098,1242.314304536,            47P   2694
-26.061799541,-71.541741686,1242.314237661,-27.408484548,             47P   2695
-64.662952363,1242.314168609,-28.703131945,-57.774531284,             47P   2696
1242.314097647,-29.950416929,-50.878206281,1242.314025287,            47P   2697
-31.149506949,-43.973365662,1242.313951342,-32.29595324,              47P   2698
-37.059313258,1242.313876125,-33.373054323,-30.134682584,             47P   2699
1242.313800246,-34.379125678,-23.19892017,1242.313723673,             47P   2700
-35.312661054,-16.253096608,1242.313646631,-36.163186206,             47P   2701
-9.29630045,1242.313570319,-36.926493519,-2.329330157,                47P   2702
1242.31349504,-37.591567345,4.647755526,1242.313420902,               47P   2703
-38.169924855,11.632898276,1242.313349476,-38.657850507,              47P   2704
18.624929571,1242.313281707,-39.036313428,25.624033147,               47P   2705
1242.313218007,-39.304453905,32.62839803,1242.313159574,              47P   2706
-39.455036869,39.636460834,1242.313107616,-39.486174351,              47P   2707
46.646258797,1242.313063151,-39.386653218,53.655775332,               47P   2708
1242.31302738,-39.140838356,60.662551604,1242.313001378,              47P   2709
-38.725320498,67.661238492,1242.312985881,-38.216872293,              47P   2710
73.481301924,1242.312982235,-37.71255065,78.131026539,                47P   2711
1242.312985019,-37.278529345,81.611927446,1242.312989937,             47P   2712
-36.781730136,85.083206654,1242.312997651,-36.214155632,              47P   2713
88.541755668,1242.313008097,-35.566406614,91.983279772,               47P   2714
1242.313021191,-34.837038807,95.414347524,1242.313036743,             47P   2715
-34.020414197,98.832495674,1242.313054484,-33.111498018,              47P   2716
102.245754365,1242.313074097,-32.258495743,105.049565664,             47P   2717
1242.313091696,-31.506852293,107.261324253,1242.313106316,            47P   2718
-30.905789526,108.898722047,1242.31311749,-30.26462385,               47P   2719
110.509278682,1242.313128812,-29.581436149,112.09822241,              47P   2720
1242.313140208,-28.851843349,113.67111585,1242.313151602,             47P   2721
-28.076192079,115.232492111,1242.31316289,-27.249998276,              47P   2722
116.789462842,1242.313173961,-26.372828795,118.343512254,             47P   2723
1242.313184728,-25.440268404,119.905670459,1242.313195101,            47P   2724
-24.452837366,121.472834494,1242.313204923,-23.394634821,             47P   2725
122.98522484,1242.313214029,-22.253528614,124.396771268,              47P   2726
1242.31322221,-21.016465838,125.660465109,1242.313229247,             47P   2727
-19.669351184,126.724846071,1242.313234899,-18.201744257,             47P   2728
127.549548046,1242.313238925,-16.59313294,128.07047687,               47P   2729
1242.313241192,-14.868087921,128.315637288,1242.31324158,             47P   2730
-13.672706409,128.318824088,1242.313240709,-13.069477532,             47P   2731
128.284278045,1242.313240024,25.00012784,-256.980208768,              47P   2732
1414.968652868,24.873007396,-257.074484324,1414.968652879,            47P   2733
24.600425031,-257.260561717,1414.968653019,24.156670521,              47P   2734
-257.501249305,1414.968653585,23.681369124,-257.713041618,            47P   2735
1414.968654494,23.01264491,-257.949337759,1414.968656148,             47P   2736
22.122673723,-258.162344602,1414.968659021,21.122983109,              47P   2737
-258.260588129,1414.968663665,20.325666666,-258.181893999,            47P   2738
1414.968669414,19.710638517,-257.940956478,1414.968676172,            47P   2739
19.254833348,-257.559193248,1414.968683842,18.837377164,              47P   2740
-256.877699591,1414.968695158,18.629745186,-255.741020516,            47P   2741
1414.968711109,18.735456457,-254.042437349,1414.968732358,            47P   2742
18.994829909,-252.463186352,1414.968751204,19.241548343,              47P   2743
-251.149754852,1414.968766556,19.481903363,-249.836334605,            47P   2744
1414.968781994,19.685895371,-248.268186897,1414.968801273,            47P   2745
19.710719964,-246.579438457,1414.968824388,19.58471214,               47P   2746
-245.018180128,1414.968847421,19.333422743,-243.567115122,            47P   2747
1414.96887031,19.006180428,-242.183534464,1414.968892994,             47P   2748
18.636297749,-240.841111628,1414.96891545,18.271073553,               47P   2749
-239.498942668,1414.968937657,17.96714747,-238.103634472,             47P   2750
1414.968959579,17.708330301,-236.668583928,1414.96898118,             47P   2751
17.485188625,-235.201371206,1414.969002437,17.286649584,              47P   2752
-233.710707924,1414.969023326,17.100535633,-232.207347541,            47P   2753
1414.969043819,16.918482475,-230.697171476,1414.969063885,            47P   2754
16.721456646,-229.198163871,1414.96908351,16.505982342,               47P   2755
-227.711865603,1414.969102681,16.201170333,-225.744793544,            47P   2756
1414.969127636,15.790971839,-223.301669619,1414.969157693,            47P   2757
15.278662407,-220.385735825,1414.969191955,14.772989631,              47P   2758
-217.454775219,1414.969224445,14.268421887,-214.516991902,            47P   2759
1414.969255209,13.760218928,-211.576220324,1414.969284288,            47P   2760
13.24100322,-208.639625498,1414.969311744,12.712294261,               47P   2761
-205.706746447,1414.969337645,12.177380799,-202.775509193,            47P   2762
1414.969362078,11.640079533,-199.844847943,1414.969385135,            47P   2763
11.101903421,-196.912372876,1414.969406891,10.565843453,              47P   2764
-193.979458364,1414.969427427,9.856400721,-190.067369269,             47P   2765
1414.969453286,8.983981306,-185.173556763,1414.969482953,             47P   2766
7.944956166,-179.297930235,1414.969514898,6.908511081,                47P   2767
-173.421479628,1414.969543763,5.868649763,-167.543584556,             47P   2768
1414.969570043,4.822240716,-161.66637324,1414.969594208,              47P   2769
3.768540497,-155.789868633,1414.969616665,2.701769382,                47P   2770
-149.91436879,1414.969637776,1.624949122,-144.040500052,              47P   2771
1414.969657852,0.543580945,-138.166520099,1414.969677157,             47P   2772
-0.538893652,-132.294296341,1414.969695843,-1.62012157,               47P   2773
-126.421151438,1414.969714033,-2.695905654,-120.5479173,              47P   2774
1414.969731827,-3.756643395,-114.674835528,1414.969749181,            47P   2775
-4.801498423,-108.800816751,1414.969766117,-5.824641096,              47P   2776
-102.924951957,1414.969782679,-6.828608558,-97.047445688,             47P   2777
1414.969799029,-7.815949697,-91.168510187,1414.969815366,             47P   2778
-8.787152503,-85.287942433,1414.969831729,-9.741715216,               47P   2779
-79.405291519,1414.969848332,-10.687499201,-73.521978997,             47P   2780
1414.969865478,-11.626832378,-67.637673415,1414.969882953,            47P   2781
-12.554560498,-61.752028884,1414.969900721,-13.471388658,             47P   2782
-55.86552823,1414.969919067,-14.390531497,-49.979785304,              47P   2783
1414.969937921,-15.326214154,-44.095970783,1414.969957146,            47P   2784
-16.267201069,-38.213607001,1414.969976792,-17.205423409,             47P   2785
-32.332472888,1414.969996776,-18.143083179,-26.449296483,             47P   2786
1414.970016936,-19.059808003,-20.564010492,1414.97003728,             47P   2787
-19.931387934,-14.671057608,1414.970057749,-20.740793425,             47P   2788
-8.769608384,1414.970078024,-21.473617178,-2.857840237,               47P   2789
1414.970098024,-22.139092222,3.061628943,1414.970117721,              47P   2790
-22.737365967,8.988401732,1414.970136698,-23.265396701,               47P   2791
14.922080265,1414.970154703,-23.682785547,20.864033453,               47P   2792
1414.970171627,-24.000411702,26.812531834,1414.970187151,             47P   2793
-24.248184929,32.764080706,1414.970200955,-24.412790159,              47P   2794
38.718606556,1414.970212769,-24.490541482,44.674816384,               47P   2795
1414.970222272,-24.472991881,50.632498893,1414.97022918,              47P   2796
-24.359682647,56.588278983,1414.970233297,-24.182106073,              47P   2797
61.548677213,1414.970234266,-23.98617231,65.517633751,                47P   2798
1414.970233526,-23.809319947,68.493834857,1414.970232219,             47P   2799
-23.599597125,71.468683099,1414.970230169,-23.348631089,              47P   2800
74.435302941,1414.970227394,-23.053267425,77.391234578,               47P   2801
1414.970223914,-22.710977108,80.345950395,1414.970219782,             47P   2802
-22.3197685,83.304295375,1414.970215069,-21.880905807,                47P   2803
86.287072721,1414.970209858,-21.457722705,88.763207017,               47P   2804
1414.970205182,-21.066364095,90.719227567,1414.970201297,             47P   2805
-20.743681068,92.165410654,1414.970198328,-20.389311829,              47P   2806
93.58104765,1414.97019532,-19.995637453,94.971944895,                 47P   2807
1414.970192292,-19.56421117,96.342664044,1414.970189265,              47P   2808
-19.090603054,97.707464175,1414.970186266,-18.571683056,              47P   2809
99.079949612,1414.970183324,-18.002325477,100.48291418,               47P   2810
1414.970180463,-17.384681694,101.91312685,1414.970177707,             47P   2811
-16.707523847,103.412204514,1414.970175098,-15.96964253,              47P   2812
104.947946148,1414.970172678,-15.155303581,106.437103918,             47P   2813
1414.970170505,-14.255963678,107.811929874,1414.970168635,            47P   2814
-13.25852005,108.9962198,1414.970167134,-12.154434293,                47P   2815
109.919497715,1414.970166064,-10.929435195,110.505586346,             47P   2816
1414.970165462,-9.57856058,110.667782126,1414.970165359,              47P   2817
-8.621479307,110.546378814,1414.97016559,-8.134496331,                47P   2818
110.437614371,1414.970165772,11.919034444,-230.895672541,             47P   2819
1589.054744535,11.94612908,-230.737330805,1589.054744532,             47P   2820
12.01874962,-230.384681597,1589.054744495,12.127318337,               47P   2821
-229.880546416,1589.054744344,12.241033038,-229.380110634,            47P   2822
1589.054744103,12.395283454,-228.736878119,1589.054743663,            47P   2823
12.591461995,-227.946282319,1589.054742899,12.793611737,              47P   2824
-227.05812587,1589.054741665,12.927863379,-226.215806994,             47P   2825
1589.054740138,13.001913646,-225.425546959,1589.054738342,            47P   2826
13.023188291,-224.67394232,1589.054736304,12.990188468,               47P   2827
-223.727157432,1589.054733298,12.848164275,-222.618084569,            47P   2828
1589.05472906,12.571207974,-221.385929871,1589.054723415,             47P   2829
12.2969092,-220.396378243,1589.054718409,12.073186584,                47P   2830
-219.614334275,1589.05471433,11.854580334,-218.830230116,             47P   2831
1589.054710229,11.612122356,-217.82744332,1589.054705107,             47P   2832
11.385118349,-216.564114742,1589.054698967,11.202747422,              47P   2833
-215.267717385,1589.054692848,11.055114498,-213.941657301,            47P   2834
1589.054686767,10.926008848,-212.596090303,1589.054680741,            47P   2835
10.805518632,-211.240588668,1589.054674775,10.680017096,              47P   2836
-209.8885966,1589.054668875,10.534956473,-208.552730784,              47P   2837
1589.054663052,10.375133153,-207.227867733,1589.054657313,            47P   2838
10.203274537,-205.9121862,1589.054651666,10.022543483,                47P   2839
-204.603564416,1589.054646116,9.836477229,-203.298489615,             47P   2840
1589.054640672,9.647600174,-201.994743096,1589.054635341,             47P   2841
9.46086486,-200.687795453,1589.054630127,9.277091543,                 47P   2842
-199.377484794,1589.054625034,9.034179664,-197.626840469,             47P   2843
1589.054618404,8.733640005,-195.435566873,1589.054610419,             47P   2844
8.369655235,-192.800496232,1589.054601317,7.997559702,                47P   2845
-190.173563684,1589.054592685,7.619819039,-187.549928851,             47P   2846
1589.054584512,7.238688684,-184.925911981,1589.054576786,             47P   2847
6.858010292,-182.300751363,1589.054569491,6.479262369,                47P   2848
-179.675710833,1589.054562609,6.103037543,-177.050272062,             47P   2849
1589.054556118,5.729788215,-174.423648933,1589.054549992,             47P   2850
5.362719207,-171.796509796,1589.054544211,5.004642763,                47P   2851
-169.168523189,1589.054538755,4.538432534,-165.663112219,             47P   2852
1589.054531884,3.975339365,-161.277853619,1589.054524001,             47P   2853
3.315803327,-156.016926709,1589.054515512,2.664162961,                47P   2854
-150.750786513,1589.054507842,2.013931456,-145.489303212,             47P   2855
1589.054500858,1.365002026,-140.224839173,1589.054494436,             47P   2856
0.713881589,-134.960127209,1589.054488469,0.05841476,                 47P   2857
-129.697827069,1589.054482858,-0.59862925,-124.436082143,             47P   2858
1589.054477523,-1.255143525,-119.173666037,1589.054472392,            47P   2859
-1.912839467,-113.910781836,1589.054467427,-2.573126675,              47P   2860
-108.64883957,1589.054462592,-3.235472339,-103.387087077,             47P   2861
1589.054457864,-3.900782289,-98.124929062,1589.054453252,             47P   2862
-4.568812397,-92.862772581,1589.054448752,-5.240643343,               47P   2863
-87.600976635,1589.05444435,-5.915279286,-82.339309876,               47P   2864
1589.054440006,-6.591721269,-77.077538912,1589.054435665,             47P   2865
-7.27002322,-71.815882362,1589.054431317,-7.950501961,                47P   2866
-66.554624686,1589.054426905,-8.630814413,-61.293160519,              47P   2867
1589.05442235,-9.310087244,-56.031350115,1589.054417707,              47P   2868
-9.99341275,-50.770104579,1589.054412986,-10.68432692,                47P   2869
-45.5101149,1589.054408112,-11.391907484,-40.25187202,                47P   2870
1589.054403103,-12.120023695,-34.996857236,1589.054397996,            47P   2871
-12.866929452,-29.74431432,1589.054392777,-13.621899884,              47P   2872
-24.492555105,1589.054387468,-14.360657936,-19.239038732,             47P   2873
1589.054382113,-15.087908588,-13.983476896,1589.054376709,            47P   2874
-15.796477683,-8.725387926,1589.054371272,-16.409400763,              47P   2875
-3.455366103,1589.054365887,-16.941874523,1.82401908,                 47P   2876
1589.054360574,-17.432586857,7.106867456,1589.054355343,              47P   2877
-17.858254802,12.395529851,1589.054350302,-18.21061298,               47P   2878
17.689631859,1589.05434552,-18.499965551,22.987784107,                47P   2879
1589.054341026,-18.709178708,28.289431182,1589.054336903,             47P   2880
-18.818439759,33.594281642,1589.054333237,-18.861307726,              47P   2881
38.900276414,1589.0543301,-18.842594869,44.205794094,                 47P   2882
1589.054327577,-18.753155464,49.511145883,1589.054325743,             47P   2883
-18.590187575,54.813743763,1589.05432465,-18.385831805,               47P   2884
59.23170928,1589.054324394,-18.169164256,62.761024122,                47P   2885
1589.054324592,-17.979521221,65.406284472,1589.05432494,              47P   2886
-17.762194604,68.050626817,1589.054325485,-17.52017389,               47P   2887
70.691756471,1589.054326223,-17.251953169,73.33227658,                47P   2888
1589.054327148,-16.938139635,75.967110716,1589.054328246,             47P   2889
-16.561381477,78.593051306,1589.054329499,-16.100376786,              47P   2890
81.205098162,1589.054330884,-15.649125457,83.367110242,               47P   2891
1589.054332127,-15.252531914,85.089770428,1589.054333159,             47P   2892
-14.938320459,86.3770325,1589.054333948,-14.607502011,                47P   2893
87.66319367,1589.054334748,-14.261392322,88.941632861,                47P   2894
1589.054335553,-13.867450323,90.210323454,1589.054336357,             47P   2895
-13.406002365,91.455353642,1589.054337155,-12.856968871,              47P   2896
92.662873685,1589.054337936,-12.190849373,93.828819437,               47P   2897
1589.054338697,-11.37665575,94.955812971,1589.054339429,              47P   2898
-10.410148476,96.006357087,1589.054340122,-9.288741372,               47P   2899
96.959761708,1589.054340765,-8.068005968,97.763615396,                47P   2900
1589.054341343,-6.777901698,98.373350378,1589.054341839,              47P   2901
-5.463021168,98.740116989,1589.054342238,-4.154715212,                47P   2902
98.82616914,1589.054342522,-2.900201831,98.568744307,                 47P   2903
1589.054342682,-1.710180249,98.028239064,1589.054342709,              47P   2904
-0.95723563,97.521806321,1589.054342648,-0.590104841,                 47P   2905
97.240533761,1589.054342599,10.48308192,-213.158352777,               47P   2906
1763.253199667,10.470532622,-213.078061781,1763.253199669,            47P   2907
10.454414823,-212.89447293,1763.253199679,10.420674709,               47P   2908
-212.627631209,1763.253199721,10.38267579,-212.351162063,             47P   2909
1763.253199787,10.324349154,-211.988875967,1763.253199906,            47P   2910
10.239876568,-211.526223294,1763.253200111,10.131959842,              47P   2911
-210.970899526,1763.253200443,10.028428674,-210.403153179,            47P   2912
1763.253200854,9.929398133,-209.831245192,1763.253201337,             47P   2913
9.834112101,-209.247414365,1763.253201884,9.712794864,                47P   2914
-208.463396661,1763.253202691,9.571275282,-207.463396581,             47P   2915
1763.253203829,9.41809539,-206.244350773,1763.253205343,              47P   2916
9.304887621,-205.214792323,1763.253206686,9.221795801,                47P   2917
-204.383407851,1763.25320778,9.14097634,-203.550687601,               47P   2918
1763.25320888,9.037455615,-202.515235388,1763.253210254,              47P   2919
8.902133478,-201.279584854,1763.253211902,8.759939678,                47P   2920
-200.053831269,1763.253213543,8.610341572,-198.835574516,             47P   2921
1763.253215174,8.454496435,-197.620608399,1763.253216791,             47P   2922
8.293960488,-196.409120298,1763.253218391,8.131283973,                47P   2923
-195.200261555,1763.253219974,7.970867041,-193.988961318,             47P   2924
1763.253221537,7.811933802,-192.774895586,1763.253223076,             47P   2925
7.653968216,-191.558712784,1763.253224592,7.496337727,                47P   2926
-190.341141746,1763.253226081,7.338438741,-189.122884652,             47P   2927
1763.253227541,7.179938679,-187.904297419,1763.253228972,             47P   2928
7.019330921,-186.686305381,1763.253230371,6.856214553,                47P   2929
-185.468665227,1763.253231738,6.635982762,-183.846321235,             47P   2930
1763.253233517,6.355992669,-181.821390604,1763.253235661,             47P   2931
6.012942536,-179.391244732,1763.253238104,5.666479638,                47P   2932
-176.962349553,1763.253240422,5.316965237,-174.533834719,             47P   2933
1763.253242617,4.96481684,-172.104519327,1763.253244691,              47P   2934
4.610825926,-169.675316861,1763.253246651,4.2564163,                  47P   2935
-167.246598821,1763.2532485,3.902865613,-164.817945003,               47P   2936
1763.253250244,3.551489041,-162.389006856,1763.253251891,             47P   2937
3.205049296,-159.95926181,1763.253253445,2.866414137,                 47P   2938
-157.528454821,1763.253254912,2.425298753,-154.286102512,             47P   2939
1763.25325676,1.893370857,-150.231099131,1763.25325888,               47P   2940
1.271438708,-145.358064534,1763.253261165,0.656301094,                47P   2941
-140.490166262,1763.25326323,0.045295426,-135.621320549,              47P   2942
1763.253265111,-0.565948027,-130.750128309,1763.253266842,            47P   2943
-1.179683458,-125.878673431,1763.25326845,-1.798522992,               47P   2944
-121.009059355,1763.253269963,-2.419948187,-116.140127089,            47P   2945
1763.253271401,-3.041249565,-111.270545028,1763.253272784,            47P   2946
-3.662802885,-106.400960957,1763.253274123,-4.285111867,              47P   2947
-101.531700418,1763.253275426,-4.906833212,-96.662471467,             47P   2948
1763.2532767,-5.526227833,-91.792939912,1763.253277943,               47P   2949
-6.142980994,-86.923129661,1763.253279155,-6.756428903,               47P   2950
-82.053078053,1763.25328034,-7.366624941,-77.182687937,               47P   2951
1763.25328151,-7.973623328,-72.311862708,1763.253282678,              47P   2952
-8.577772143,-67.440727876,1763.253283848,-9.17934912,                47P   2953
-62.569391334,1763.253285035,-9.778774633,-57.697793393,              47P   2954
1763.253286259,-10.376075783,-52.825749773,1763.253287506,            47P   2955
-10.97395263,-47.953829626,1763.253288774,-11.575521667,              47P   2956
-43.082661,1763.253290083,-12.191368743,-38.212861427,                47P   2957
1763.253291426,-12.827233064,-33.345911151,1763.253292796,            47P   2958
-13.479721975,-28.480867396,1763.253294196,-14.138801471,             47P   2959
-23.617070743,1763.253295618,-14.787458425,-18.75170547,              47P   2960
1763.253297053,-15.423873556,-13.884572614,1763.253298501,            47P   2961
-16.037003303,-9.014155763,1763.253299957,-16.564845818,              47P   2962
-4.134438266,1763.253301398,-17.014236882,0.753703054,                47P   2963
1763.25330282,-17.417075839,5.645837735,1763.253304219,               47P   2964
-17.756605682,10.54242204,1763.253305567,-18.026278261,               47P   2965
15.44365331,1763.253306846,-18.224918663,20.348325059,                47P   2966
1763.253308047,-18.341487856,25.255601662,1763.253309148,             47P   2967
-18.367895012,30.164087099,1763.253310126,-18.32740319,               47P   2968
35.0726333,1763.253310962,-18.2236082,39.979901333,                   47P   2969
1763.253311634,-18.048117218,44.885766819,1763.253312121,             47P   2970
-17.799564884,49.787759329,1763.253312409,-17.526241907,              47P   2971
53.869648258,1763.253312473,-17.259019476,57.131192095,               47P   2972
1763.253312417,-17.033199969,59.575490404,1763.253312321,             47P   2973
-16.7808211,62.018035496,1763.253312172,-16.501665586,                47P   2974
64.455470587,1763.253311972,-16.193903998,66.888350966,               47P   2975
1763.253311721,-15.844841741,69.316643581,1763.253311424,             47P   2976
-15.442815845,71.739679691,1763.253311086,-14.975268635,              47P   2977
74.160783086,1763.253310712,-14.526403348,76.164424273,               47P   2978
1763.253310376,-14.127914514,77.753079469,1763.253310098,             47P   2979
-13.809369758,78.934144738,1763.253309885,-13.469311908,              47P   2980
80.104050243,1763.253309669,-13.107019519,81.259054204,               47P   2981
1763.253309451,-12.702936797,82.401402022,1763.253309234,             47P   2982
-12.245171279,83.525472916,1763.253309018,-11.722164423,              47P   2983
84.626044863,1763.253308807,-11.113718639,85.70884191,                47P   2984
1763.253308602,-10.398380973,86.778639347,1763.253308405,             47P   2985
-9.581750015,87.814899285,1763.253308218,-8.652959558,                47P   2986
88.802984143,1763.253308046,-7.647652728,89.684769124,                47P   2987
1763.253307891,-6.581969948,90.41257202,1763.253307758,               47P   2988
-5.482932377,90.933735653,1763.253307651,-4.367607463,                47P   2989
91.205406477,1763.253307575,-3.263726167,91.165658106,                47P   2990
1763.253307533,-2.176534339,90.828178763,1763.253307526,              47P   2991
-1.467401325,90.448077503,1763.253307543,-1.117398413,                47P   2992
90.22718834,1763.253307556,8.517188729,-190.899459282,                47P   2993
1936.870756008,8.518688843,-190.810947078,1936.870756007,             47P   2994
8.528059043,-190.607532131,1936.870756002,8.538355921,                47P   2995
-190.306845576,1936.870755986,8.547106504,-190.019361906,             47P   2996
1936.870755964,8.557137699,-189.6382808,1936.870755927,               47P   2997
8.565658515,-189.152740829,1936.870755867,8.568685342,                47P   2998
-188.588199041,1936.870755771,8.561139402,-188.0229565,               47P   2999
1936.870755652,8.544423614,-187.461158952,1936.870755514,             47P   3000
8.520174492,-186.911248254,1936.87075536,8.478905991,                 47P   3001
-186.184513501,1936.870755135,8.413179323,-185.278417933,             47P   3002
1936.870754817,8.320732105,-184.206858592,1936.870754395,             47P   3003
8.239096789,-183.307701767,1936.870754022,8.175014208,                47P   3004
-182.592199851,1936.870753719,8.111854552,-181.87554324,              47P   3005
1936.870753414,8.035282918,-180.970402416,1936.870753032,             47P   3006
7.948466343,-179.876831226,1936.870752575,7.864946229,                47P   3007
-178.782072722,1936.870752119,7.783139785,-177.685578005,             47P   3008
1936.870751666,7.701011091,-176.587282454,1936.870751217,             47P   3009
7.617557256,-175.488833759,1936.870750772,7.531508855,                47P   3010
-174.392157412,1936.870750332,7.441970635,-173.297693838,             47P   3011
1936.870749898,7.349435223,-172.204610659,1936.870749469,             47P   3012
7.25420254,-171.113148113,1936.870749047,7.156603749,                 47P   3013
-170.023524874,1936.870748633,7.056874919,-168.933883706,             47P   3014
1936.870748226,6.95517945,-167.842460216,1936.870747827,              47P   3015
6.8520883,-166.750717608,1936.870747437,6.747875947,                  47P   3016
-165.660432444,1936.870747055,6.607115466,-164.20679779,              47P   3017
1936.870746558,6.427361365,-162.386549313,1936.870745958,             47P   3018
6.206444558,-160.202366177,1936.870745273,5.980334035,                47P   3019
-158.021796371,1936.870744622,5.749585223,-155.842453989,             47P   3020
1936.870744005,5.514738469,-153.662036396,1936.87074342,              47P   3021
5.276804317,-151.481752881,1936.870742866,5.036623762,                47P   3022
-149.302958059,1936.870742342,4.79492884,-147.124621302,              47P   3023
1936.870741847,4.552441527,-144.945692769,1936.870741378,             47P   3024
4.310459553,-142.766185952,1936.870740935,4.07025248,                 47P   3025
-140.586042609,1936.870740515,3.752450266,-137.67959448,              47P   3026
1936.870739984,3.360041409,-134.049643532,1936.870739373,             47P   3027
2.890604746,-129.688205888,1936.870738711,2.419026458,                47P   3028
-125.330610855,1936.870738109,1.943151422,-120.974702798,             47P   3029
1936.870737558,1.461282265,-116.617069951,1936.870737049,             47P   3030
0.973324336,-112.25953754,1936.870736574,0.479278958,                 47P   3031
-107.903925548,1936.870736127,-0.019683147,-103.549225825,            47P   3032
1936.870735701,-0.522494111,-99.19449138,1936.870735291,              47P   3033
-1.028824865,-94.83999893,1936.870734896,-1.538135625,                47P   3034
-90.486108971,1936.870734511,-2.04974047,-86.13253664,                47P   3035
1936.870734135,-2.563100107,-81.779009434,1936.87073377,              47P   3036
-3.077510659,-77.425569409,1936.870733415,-3.592341548,               47P   3037
-73.072252871,1936.870733068,-4.107192682,-68.718940301,              47P   3038
1936.870732727,-4.621663747,-64.365512034,1936.870732388,             47P   3039
-5.135262717,-60.011976328,1936.870732051,-5.64751643,                47P   3040
-55.658346164,1936.870731711,-6.15793828,-51.304478931,               47P   3041
1936.870731362,-6.666147115,-46.950265422,1936.870731008,             47P   3042
-7.172855147,-42.595911197,1936.870730651,-7.678662929,               47P   3043
-38.241606021,1936.870730285,-8.187243552,-33.887622902,              47P   3044
1936.870729911,-8.703569663,-29.534003522,1936.870729531,             47P   3045
-9.223629998,-25.181457826,1936.870729146,-9.742313617,               47P   3046
-20.827908979,1936.870728755,-10.249089021,-16.473367037,             47P   3047
1936.870728363,-10.743966505,-12.117701454,1936.87072797,             47P   3048
-11.220119918,-7.759921203,1936.870727576,-11.648215915,              47P   3049
-3.396557795,1936.870727187,-12.034112691,0.970475693,                47P   3050
1936.870726805,-12.390248147,5.338739189,1936.870726431,              47P   3051
-12.707369,9.711576133,1936.870726073,-12.98123806,14.086558,         47P   3052
1936.870725734,-13.205895237,18.465029141,1936.870725419,             47P   3053
-13.379708963,22.845779217,1936.870725131,-13.502059533,              47P   3054
27.228731882,1936.870724879,-13.578663927,31.613051299,               47P   3055
1936.870724666,-13.607879993,35.998006021,1936.870724499,             47P   3056
-13.583307597,40.383286411,1936.870724383,-13.501762646,              47P   3057
44.767807314,1936.870724322,-13.380705367,48.421616509,               47P   3058
1936.87072432,-13.243079988,51.341251615,1936.870724348,              47P   3059
-13.118894565,53.529939389,1936.870724384,-12.97330069,               47P   3060
55.718322419,1936.870724434,-12.807263649,57.905474193,               47P   3061
1936.870724499,-12.619773568,60.093302117,1936.870724578,             47P   3062
-12.396067285,62.276515061,1936.870724669,-12.124218713,              47P   3063
64.452182325,1936.870724772,-11.787460578,66.614371224,               47P   3064
1936.870724885,-11.45958283,68.408145789,1936.870724985,              47P   3065
-11.17701004,69.843379455,1936.870725069,-10.954971756,               47P   3066
70.919665998,1936.870725133,-10.727214962,71.998266454,               47P   3067
1936.870725199,-10.491633845,73.079262973,1936.870725265,             47P   3068
-10.22498287,74.151462907,1936.870725331,-9.907350179,                47P   3069
75.208004745,1936.870725397,-9.517892473,76.240367925,                47P   3070
1936.870725461,-9.035779262,77.238990515,1936.870725522,              47P   3071
-8.446695186,78.191424882,1936.87072558,-7.713488927,                 47P   3072
79.098615546,1936.870725634,-6.863296363,79.92107164,                 47P   3073
1936.870725683,-5.922159878,80.626057157,1936.870725726,              47P   3074
-4.916020471,81.181498297,1936.870725762,-3.870968573,                47P   3075
81.552749616,1936.870725791,-2.812932088,81.708866611,                47P   3076
1936.87072581,-1.772766889,81.606736313,1936.870725819,               47P   3077
-0.756695514,81.286469702,1936.870725819,-0.09674739,                 47P   3078
80.955588552,1936.870725812,0.228248472,80.767308917,                 47P   3079
1936.870725808,8.017882933,-167.764444984,2110.423190366,             47P   3080
8.020421033,-167.690205897,2110.42319037,8.024364968,                 47P   3081
-167.540924044,2110.423190381,8.032265238,-167.299747728,             47P   3082
2110.423190401,8.040817848,-167.046507742,2110.423190423,             47P   3083
8.051990649,-166.706933299,2110.423190452,8.063928652,                47P   3084
-166.301283473,2110.423190489,8.076782585,-165.823179685,             47P   3085
2110.423190538,8.090635402,-165.346134476,2110.423190602,             47P   3086
8.10509839,-164.869105851,2110.423190672,8.119720311,                 47P   3087
-164.389901874,2110.42319074,8.138893675,-163.751007121,              47P   3088
2110.423190834,8.161109858,-162.955919354,2110.423190967,             47P   3089
8.184315809,-161.999534343,2110.42319114,8.200453269,                 47P   3090
-161.201896544,2110.423191287,8.210390188,-160.560409115,             47P   3091
2110.423191405,8.218321301,-159.917338492,2110.423191524,             47P   3092
8.224309531,-159.111841074,2110.423191675,8.225480762,                47P   3093
-158.144676342,2110.423191857,8.221716839,-157.179377208,             47P   3094
2110.423192037,8.213576238,-156.213440546,2110.423192216,             47P   3095
8.201738726,-155.244233602,2110.423192395,8.186924624,                47P   3096
-154.276147596,2110.423192573,8.169925597,-153.313499386,             47P   3097
2110.423192748,8.150743579,-152.352191112,2110.423192923,             47P   3098
8.129009009,-151.388465603,2110.423193095,8.104721045,                47P   3099
-150.423043537,2110.423193266,8.077870483,-149.456651366,             47P   3100
2110.423193435,8.048463394,-148.490759714,2110.423193601,             47P   3101
8.016525304,-147.526814354,2110.423193765,7.982088697,                47P   3102
-146.563863837,2110.423193926,7.945265418,-145.600872837,             47P   3103
2110.423194084,7.89331708,-144.316583501,2110.423194293,              47P   3104
7.823609344,-142.710154861,2110.423194546,7.733162046,                47P   3105
-140.781959584,2110.42319484,7.63698342,-138.854976721,               47P   3106
2110.423195124,7.534722091,-136.929195421,2110.423195398,             47P   3107
7.426030719,-135.004582539,2110.423195661,7.311305302,                47P   3108
-133.07933964,2110.423195915,7.190987219,-131.151629391,              47P   3109
2110.42319616,7.065092035,-129.224294798,2110.423196396,              47P   3110
6.933638009,-127.300184016,2110.423196623,6.796367027,                47P   3111
-125.378319195,2110.423196842,6.653028518,-123.457741689,             47P   3112
2110.423197054,6.454103237,-120.896634555,2110.423197326,             47P   3113
6.191337099,-117.690773033,2110.423197648,5.857969901,                47P   3114
-113.845327497,2110.423198011,5.510953338,-110.004714695,             47P   3115
2110.423198352,5.149599553,-106.166260441,2110.423198673,             47P   3116
4.773098164,-102.327626775,2110.423198977,4.384879312,                47P   3117
-98.489784764,2110.423199266,3.988347447,-94.653706877,               47P   3118
2110.423199542,3.582436278,-90.818833206,2110.423199806,              47P   3119
3.166299732,-86.984531949,2110.42320006,2.742590397,                  47P   3120
-83.150994831,2110.423200304,2.313246126,-79.318400956,               47P   3121
2110.423200539,1.878149802,-75.486540701,2110.423200765,              47P   3122
1.437374719,-71.655197291,2110.423200983,0.992528022,                 47P   3123
-67.824294506,2110.423201191,0.545160741,-63.993765677,               47P   3124
2110.423201392,0.095723494,-60.163496604,2110.423201584,              47P   3125
-0.355333162,-56.333373129,2110.42320177,-0.806769755,                47P   3126
-52.503296797,2110.423201949,-1.257341765,-48.673167888,              47P   3127
2110.423202123,-1.706223273,-44.842813422,2110.423202293,             47P   3128
-2.152560134,-41.012051478,2110.423202458,-2.594027482,               47P   3129
-37.180770534,2110.423202618,-3.028330333,-33.348863293,              47P   3130
2110.423202774,-3.454369128,-29.515867838,2110.423202926,             47P   3131
-3.870696452,-25.681384166,2110.423203073,-4.275636448,               47P   3132
-21.845680242,2110.423203215,-4.667797653,-18.009768374,              47P   3133
2110.423203353,-5.048856919,-14.172252077,2110.423203485,             47P   3134
-5.418197563,-10.331870671,2110.42320361,-5.776932174,                47P   3135
-6.491009193,2110.42320373,-6.132023478,-2.652677422,                 47P   3136
2110.423203842,-6.479460667,1.187359339,2110.423203946,               47P   3137
-6.813454121,5.033192053,2110.423204042,-7.138075885,                 47P   3138
8.874345832,2110.423204127,-7.450348684,12.720043511,                 47P   3139
2110.423204201,-7.746848683,16.565122434,2110.423204262,              47P   3140
-8.02714352,20.412736934,2110.423204309,-8.289949555,                 47P   3141
24.261099474,2110.423204341,-8.532134195,28.111457635,                47P   3142
2110.423204356,-8.745542495,31.963358882,2110.423204352,              47P   3143
-8.919249703,35.816977692,2110.423204328,-9.052589936,                47P   3144
39.673282135,2110.423204283,-9.124521848,42.888481261,                47P   3145
2110.423204227,-9.150620003,45.458252384,2110.423204171,              47P   3146
-9.155206074,47.385792772,2110.423204124,-9.145038635,                47P   3147
49.314704134,2110.423204071,-9.123210392,51.248277631,                47P   3148
2110.423204012,-9.083431623,53.18405812,2110.423203948,               47P   3149
-9.007741707,55.11378875,2110.423203879,-8.878733897,                 47P   3150
57.029048211,2110.423203806,-8.686235873,58.925771107,                47P   3151
2110.423203731,-8.514330824,60.515620096,2110.423203664,              47P   3152
-8.388343466,61.804436399,2110.423203607,-8.30630678,                 47P   3153
62.783501707,2110.423203563,-8.242493215,63.778363138,                47P   3154
2110.423203517,-8.17467158,64.778025419,2110.42320347,                47P   3155
-8.070934487,65.767436604,2110.423203422,-7.90724964,                 47P   3156
66.732754312,2110.423203376,-7.651979722,67.660832639,                47P   3157
2110.423203332,-7.283154079,68.536341762,2110.423203292,              47P   3158
-6.7617264,69.349929748,2110.423203258,-6.088995815,                  47P   3159
70.077935874,2110.423203229,-5.297019847,70.706264967,                47P   3160
2110.423203206,-4.415366261,71.215319395,2110.423203189,              47P   3161
-3.474111961,71.58522486,2110.423203177,-2.506039712,                 47P   3162
71.79828873,2110.42320317,-1.54033502,71.831159842,                   47P   3163
2110.423203168,-0.59554728,71.690765145,2110.423203172,               47P   3164
0.332070439,71.412919121,2110.423203181,0.935069891,                  47P   3165
71.150229528,2110.42320319,1.232580954,71.004254359,                  47P   3166
2110.423203195,6.594419728,-148.165125243,2284.135959178,             47P   3167
6.593630357,-148.098765638,2284.13595916,6.59267477,                  47P   3168
-147.959663173,2284.135959121,6.591211636,-147.741891321,             47P   3169
2284.135959058,6.589615331,-147.519673807,2284.135958994,             47P   3170
6.586990844,-147.221747845,2284.135958912,6.582057609,                47P   3171
-146.855426673,2284.135958828,6.574330441,-146.424864607,             47P   3172
2284.135958725,6.565446294,-145.99891471,2284.135958589,              47P   3173
6.555113357,-145.576790025,2284.135958448,6.54305655,                 47P   3174
-145.158011268,2284.135958329,6.525118081,-144.600602539,             47P   3175
2284.135958179,6.500057903,-143.8996423,2284.135957964,               47P   3176
6.466723791,-143.057153461,2284.135957693,6.436965879,                47P   3177
-142.356348828,2284.13595748,6.412446773,-141.795943951,              47P   3178
2284.135957311,6.387523278,-141.23507883,2284.135957139,              47P   3179
6.355775577,-140.531957899,2284.135956917,6.316550909,                47P   3180
-139.682922173,2284.135956648,6.275803175,-138.826475738,             47P   3181
2284.135956383,6.233836161,-137.96975817,2284.135956119,              47P   3182
6.190921202,-137.119943725,2284.135955853,6.146680364,                47P   3183
-136.273766948,2284.135955586,6.100716622,-135.427982277,             47P   3184
2284.135955323,6.053057811,-134.58156293,2284.135955061,              47P   3185
6.00383116,-133.733390972,2284.135954799,5.952998646,                 47P   3186
-132.884429469,2284.135954537,5.900524487,-132.035639946,             47P   3187
2284.135954278,5.846406725,-131.187082482,2284.13595402,              47P   3188
5.790638198,-130.338823807,2284.135953764,5.733364439,                47P   3189
-129.490819561,2284.135953509,5.674709746,-128.643047826,             47P   3190
2284.135953256,5.594779155,-127.51266314,2284.135952921,              47P   3191
5.491865145,-126.099027326,2284.135952506,5.364090692,                47P   3192
-124.402399033,2284.135952014,5.232500924,-122.706163068,             47P   3193
2284.13595153,5.09702329,-121.010809396,2284.135951054,               47P   3194
4.957584159,-119.316833943,2284.135950585,4.814570199,                47P   3195
-117.622156642,2284.135950123,4.668355936,-115.924707837,             47P   3196
2284.135949668,4.518958205,-114.227484758,2284.135949221,             47P   3197
4.366393121,-112.533483258,2284.135948781,4.211187288,                47P   3198
-110.841037142,2284.135948348,4.053865295,-109.148475076,             47P   3199
2284.135947922,3.841098308,-106.891106393,2284.135947365,             47P   3200
3.569164028,-104.067361874,2284.135946685,3.235115123,                47P   3201
-100.677947535,2284.135945897,2.892993263,-97.292184082,              47P   3202
2284.135945137,2.543006549,-93.907857551,2284.135944403,              47P   3203
2.185395864,-90.522664019,2284.135943696,1.821203582,                 47P   3204
-87.137650328,2284.135943015,1.45147895,-83.753862945,                47P   3205
2284.13594236,1.077128054,-80.370668203,2284.13594173,                47P   3206
0.698280186,-76.987658536,2284.135941126,0.314636165,                 47P   3207
-73.604943827,2284.135940546,-0.071459249,-70.222600799,              47P   3208
2284.135939992,-0.459379044,-66.84048085,2284.135939462,              47P   3209
-0.849110339,-63.458451598,2284.135938958,-1.239912968,               47P   3210
-60.076500826,2284.135938479,-1.630749589,-56.694583904,              47P   3211
2284.135938025,-2.021263044,-53.312622648,2284.135937596,             47P   3212
-2.411096158,-49.930538859,2284.135937192,-2.799016682,               47P   3213
-46.548247498,2284.135936813,-3.183793718,-43.165663861,              47P   3214
2284.135936458,-3.56536257,-39.782718698,2284.135936127,              47P   3215
-3.943666097,-36.399345154,2284.135935821,-4.316756866,               47P   3216
-33.015481708,2284.135935539,-4.68267945,-29.631065709,               47P   3217
2284.135935281,-5.042264999,-26.245946047,2284.135935048,             47P   3218
-5.396437728,-22.859955046,2284.135934839,-5.742524705,               47P   3219
-19.473406102,2284.135934654,-6.077813981,-16.08641939,               47P   3220
2284.135934495,-6.402143884,-12.698280709,2284.13593436,              47P   3221
-6.713998561,-9.307873789,2284.135934249,-7.012621505,                47P   3222
-5.916737695,2284.135934164,-7.296340581,-2.52638739,                 47P   3223
2284.135934104,-7.563405231,0.865494313,2284.13593407,                47P   3224
-7.812606503,4.262324105,2284.135934061,-8.045559527,                 47P   3225
7.656071011,2284.135934078,-8.259068863,11.053479308,                 47P   3226
2284.135934122,-8.449035336,14.450759072,2284.135934192,              47P   3227
-8.61537269,17.849950467,2284.13593429,-8.757838908,                  47P   3228
21.249678889,2284.135934415,-8.87597649,24.650552571,                 47P   3229
2284.135934568,-8.965213102,28.052166514,2284.13593475,               47P   3230
-9.018030932,31.454428159,2284.135934961,-9.034392418,                47P   3231
34.857752686,2284.135935202,-9.012822672,37.694027631,                47P   3232
2284.135935428,-8.967141651,39.961197768,2284.135935623,              47P   3233
-8.918535665,41.661219622,2284.135935776,-8.855632071,                47P   3234
43.361304666,2284.135935938,-8.779764876,45.063111424,                47P   3235
2284.135936107,-8.687262867,46.765480736,2284.135936285,              47P   3236
-8.563968237,48.463511799,2284.135936469,-8.397161908,                47P   3237
50.152313507,2284.135936656,-8.176935556,51.828954593,                47P   3238
2284.135936846,-7.974591545,53.227479465,2284.135937013,              47P   3239
-7.813231707,54.353239135,2284.135937155,-7.696829771,                47P   3240
55.202856627,2284.135937266,-7.588713085,56.059470391,                47P   3241
2284.135937385,-7.475898106,56.917870224,2284.135937508,              47P   3242
-7.334830242,57.768610988,2284.135937632,-7.147492481,                47P   3243
58.603507107,2284.135937751,-6.890836351,59.414973137,                47P   3244
2284.135937862,-6.548407432,60.192841899,2284.13593796,               47P   3245
-6.093330155,60.93185824,2284.135938041,-5.520256292,                 47P   3246
61.617200021,2284.135938102,-4.850139772,62.228414377,                47P   3247
2284.135938145,-4.106129377,62.742020107,2284.135938171,              47P   3248
-3.30944191,63.134980408,2284.135938183,-2.48394678,                  47P   3249
63.385288084,2284.135938182,-1.650454014,63.46708418,                 47P   3250
2284.135938168,-0.827981033,63.373306051,2284.135938143,              47P   3251
-0.016325112,63.137264113,2284.135938109,0.513366725,                 47P   3252
62.900519599,2284.13593808,0.774732464,62.767319264,                  47P   3253
2284.135938064,5.857460077,-130.688146318,2457.795835368,             47P   3254
5.868268424,-130.629265133,2457.795835432,5.890695187,                47P   3255
-130.507337952,2457.795835577,5.926176969,-130.314667856,             47P   3256
2457.79583581,5.962432756,-130.116364757,2457.795836046,              47P   3257
6.010430147,-129.85049777,2457.795836344,6.067236891,                 47P   3258
-129.526464311,2457.795836644,6.130969916,-129.145521512,             47P   3259
2457.795837005,6.190986731,-128.768081774,2457.795837484,             47P   3260
6.24864144,-128.391595076,2457.795837977,6.305283673,                 47P   3261
-128.013429087,2457.795838383,6.377983505,-127.50902967,              47P   3262
2457.795838891,6.460792397,-126.881912434,2457.795839616,             47P   3263
6.549848584,-126.130589798,2457.795840525,6.617641607,                47P   3264
-125.50257063,2457.79584123,6.66770331,-124.998616987,                47P   3265
2457.79584179,6.7148998,-124.493627523,2457.795842356,                47P   3266
6.768358158,-123.86043328,2457.795843091,6.825083675,                 47P   3267
-123.099481745,2457.795843987,6.875877972,-122.339449989,             47P   3268
2457.795844865,6.921097555,-121.579425097,2457.79584574,              47P   3269
6.961107614,-120.818484875,2457.795846626,6.996723316,                47P   3270
-120.057610252,2457.795847513,7.028764937,-119.297776833,             47P   3271
2457.79584839,7.05714319,-118.539488271,2457.795849263,               47P   3272
7.081742199,-117.783272601,2457.795850138,7.102786499,                47P   3273
-117.027481543,2457.795851011,7.120500026,-116.270467228,             47P   3274
2457.795851879,7.134956367,-115.513440444,2457.795852744,             47P   3275
7.146230502,-114.757610198,2457.795853604,7.154526765,                47P   3276
-114.002489864,2457.79585446,7.16005517,-113.24758681,                47P   3277
2457.795855312,7.164028976,-112.240763373,2457.795856444,             47P   3278
7.163172116,-110.980615515,2457.79585785,7.153738347,                 47P   3279
-109.468759104,2457.79585952,7.13682848,-107.960167859,               47P   3280
2457.795861169,7.11258631,-106.452585918,2457.795862799,              47P   3281
7.081155918,-104.943755825,2457.795864411,7.04298196,                 47P   3282
-103.435667978,2457.795866004,6.998512339,-101.930309992,             47P   3283
2457.795867576,6.948410007,-100.425407272,2457.795869127,             47P   3284
6.893338105,-98.918685593,2457.795870658,6.832194195,                 47P   3285
-97.412625803,2457.795872168,6.763876378,-95.909710124,               47P   3286
2457.795873657,6.664660415,-93.907052255,2457.795875614,              47P   3287
6.528104372,-91.400481376,2457.795878006,6.344078268,                 47P   3288
-88.394212014,2457.795880792,6.148621673,-85.392921172,               47P   3289
2457.79588349,5.937540387,-82.394223963,2457.7958861,                 47P   3290
5.706631444,-79.395759564,2457.79588862,5.461328678,                  47P   3291
-76.398606178,2457.795891052,5.207064084,-73.403842106,               47P   3292
2457.795893395,4.939110252,-70.411120891,2457.795895647,              47P   3293
4.655623,-67.419264635,2457.795897808,4.36478133,-64.428534021,       47P   3294
2457.79589988,4.06491606,-61.439334769,2457.79590186,                 47P   3295
3.754284207,-58.451493232,2457.795903749,3.433405981,                 47P   3296
-55.464778098,2457.795905546,3.104624492,-52.479024243,               47P   3297
2457.795907251,2.769151773,-49.494186487,2457.795908865,              47P   3298
2.427405486,-46.510132771,2457.795910386,2.079803296,                 47P   3299
-43.526731039,2457.795911815,1.726061676,-40.543998136,               47P   3300
2457.795913152,1.365897465,-37.561950817,2457.795914396,              47P   3301
1.001625661,-34.580276783,2457.795915548,0.635563282,                 47P   3302
-31.598663092,2457.795916607,0.266906223,-28.617151332,               47P   3303
2457.795917573,-0.105151758,-25.635783395,2457.795918447,             47P   3304
-0.478490238,-22.654233714,2457.795919228,-0.850963899,               47P   3305
-19.672181158,2457.795919915,-1.223113447,-16.689736327,              47P   3306
2457.79592051,-1.595351833,-13.707039413,2457.79592101,               47P   3307
-1.963205662,-10.723025387,2457.795921419,-2.329897612,               47P   3308
-7.738099828,2457.795921734,-2.694446459,-4.752518512,                47P   3309
2457.795921955,-3.053694932,-1.766010526,2457.795922083,              47P   3310
-3.408283104,1.222849129,2457.795922117,-3.758461411,                 47P   3311
4.211236955,2457.795922057,-4.10118408,7.202702651,                   47P   3312
2457.795921903,-4.435137501,10.195048899,2457.795921655,              47P   3313
-4.759193271,13.189729231,2457.795921313,-5.071148066,                47P   3314
16.186214971,2457.795920876,-5.367986512,19.185031584,                47P   3315
2457.795920344,-5.647988289,22.186069612,2457.795919717,              47P   3316
-5.903690731,25.189199252,2457.795918994,-6.124994504,                47P   3317
28.194339045,2457.795918174,-6.307910712,31.202379592,                47P   3318
2457.795917257,-6.423748301,33.711717433,2457.795916411,              47P   3319
-6.490131691,35.716121316,2457.795915688,-6.527820581,                47P   3320
37.219819385,2457.795915123,-6.554236291,38.726687497,                47P   3321
2457.795914532,-6.57304537,40.23827165,2457.795913913,                47P   3322
-6.579948665,41.754579783,2457.795913267,-6.559959464,                47P   3323
43.264593278,2457.795912601,-6.49837745,44.759670618,                 47P   3324
2457.795911924,-6.385790809,46.233570925,2457.795911241,              47P   3325
-6.279808175,47.473570638,2457.795910642,-6.204664373,                47P   3326
48.487174851,2457.795910133,-6.156443733,49.262282935,                47P   3327
2457.79590973,-6.123357855,50.057554836,2457.795909301,               47P   3328
-6.087736949,50.861566911,2457.795908857,-6.022237466,                47P   3329
51.655366411,2457.795908412,-5.904339053,52.423591676,                47P   3330
2457.795907981,-5.70806259,53.148552259,2457.795907581,               47P   3331
-5.410902747,53.814700514,2457.795907228,-4.98493283,                 47P   3332
54.403692943,2457.79590694,-4.417896577,54.902549129,                 47P   3333
2457.795906727,-3.749451301,55.304822558,2457.795906578,              47P   3334
-3.005389896,55.605505755,2457.79590649,-2.218714616,                 47P   3335
55.79809203,2457.795906453,-1.420876942,55.87613623,                  47P   3336
2457.795906465,-0.644146762,55.834223579,2457.795906521,              47P   3337
0.097056813,55.673764219,2457.795906617,0.805661686,                  47P   3338
55.417527419,2457.795906747,1.259248468,55.19430107,                  47P   3339
2457.795906853,1.481953578,55.072141484,2457.79590691,                47P   3340
5.228461843,-116.934095515,2631.512380123,5.259873551,                47P   3341
-116.890727018,2631.512379883,5.326313814,-116.799455323,             47P   3342
2631.512379345,5.432922922,-116.653777261,2631.512378477,             47P   3343
5.542701928,-116.503789001,2631.512377596,5.688251021,                47P   3344
-116.303862939,2631.512376488,5.859166847,-116.065030172,             47P   3345
2631.512375375,6.056965802,-115.782512802,2631.512374035,             47P   3346
6.25778415,-115.490175713,2631.512372258,6.455935982,                 47P   3347
-115.196475278,2631.512370429,6.645736578,-114.90988986,              47P   3348
2631.512368926,6.892361403,-114.529166736,2631.512367048,             47P   3349
7.197363389,-114.040730275,2631.512364365,7.551699822,                47P   3350
-113.443796708,2631.512361004,7.831904772,-112.944895624,             47P   3351
2631.512358401,8.048928368,-112.54176549,2631.512356334,              47P   3352
8.261820432,-112.134885575,2631.512354244,8.521370017,                47P   3353
-111.617234507,2631.512351527,8.82061468,-110.986555585,              47P   3354
2631.512348218,9.105918916,-110.351356635,2631.512344974,             47P   3355
9.37838884,-109.711284467,2631.512341742,9.639128249,                 47P   3356
-109.065988372,2631.512338469,9.888129326,-108.417083253,             47P   3357
2631.512335193,10.12538289,-107.766185437,2631.512331952,             47P   3358
10.351995872,-107.113056683,2631.512328726,10.569082302,              47P   3359
-106.457452238,2631.512325494,10.777728176,-105.79905902,             47P   3360
2631.512322267,10.979019647,-105.137563835,2631.512319056,            47P   3361
11.173455882,-104.47415479,2631.51231586,11.361535675,                47P   3362
-103.810020467,2631.51231268,11.543506846,-103.144862419,             47P   3363
2631.512309515,11.719615698,-102.478383804,2631.512306363,            47P   3364
11.946935993,-101.587567447,2631.512302178,12.217649943,              47P   3365
-100.469180883,2631.512296976,12.521637175,-99.122175993,             47P   3366
2631.512290795,12.80537928,-97.773065935,2631.512284689,              47P   3367
13.070215389,-96.421129635,2631.512278653,13.317484553,               47P   3368
-95.065646445,2631.512272682,13.547978717,-93.707199993,              47P   3369
2631.512266782,13.762488956,-92.346374655,2631.512260957,             47P   3370
13.961529311,-90.983728492,2631.512255206,14.145613772,               47P   3371
-89.61981947,2631.512249529,14.315957843,-88.254200519,               47P   3372
2631.512243929,14.473776889,-86.886424199,2631.512238405,             47P   3373
14.667103605,-85.061170145,2631.512231145,14.875954547,               47P   3374
-82.7791748,2631.512222267,15.087211229,-80.03447137,                 47P   3375
2631.512211925,15.23913509,-77.289384594,2631.512201908,              47P   3376
15.346797298,-74.543038685,2631.512192216,15.425271361,               47P   3377
-71.794551428,2631.512182852,15.463801581,-69.045596714,              47P   3378
2631.512173818,15.451632747,-66.297848406,2631.512165114,             47P   3379
15.407937406,-63.549783054,2631.512156745,15.341146083,               47P   3380
-60.802972829,2631.512148717,15.227020935,-58.057971379,              47P   3381
2631.51214102,15.078024742,-55.314786106,2631.512133663,              47P   3382
14.901305718,-52.573450788,2631.512126645,14.695584491,               47P   3383
-49.83421336,2631.51211997,14.456923468,-47.097817731,                47P   3384
2631.512113636,14.185606654,-44.364561032,2631.512107643,             47P   3385
13.886149118,-41.634214331,2631.512101993,13.563065931,               47P   3386
-38.906548697,2631.512096689,13.211442962,-36.182471167,              47P   3387
2631.512091729,12.826365983,-33.462888801,2631.512087112,             47P   3388
12.414382177,-30.747073188,2631.512082841,11.982038189,               47P   3389
-28.034296087,2631.512078916,11.524493113,-25.325570596,              47P   3390
2631.512075338,11.036906613,-22.621909729,2631.512072105,             47P   3391
10.523812177,-19.922676325,2631.512069219,9.989736642,                47P   3392
-17.22723204,2631.512066683,9.435658328,-14.535590073,                47P   3393
2631.512064489,8.862006351,-11.847838085,2631.51206265,               47P   3394
8.255001812,-9.166704298,2631.512061152,7.630256205,                  47P   3395
-6.48944373,2631.512060005,6.991020549,-3.815279146,                  47P   3396
2631.512059206,6.330941078,-1.145561119,2631.512058756,               47P   3397
5.652616191,1.519803027,2631.512058655,4.959517146,4.182217626,       47P   3398
2631.512058903,4.251718451,6.840877094,2631.5120595,                  47P   3399
3.531395433,9.496947993,2631.512060446,2.802996919,                   47P   3400
12.151111422,2631.512061744,2.066917282,14.803750012,                 47P   3401
2631.512063391,1.327076146,17.455659733,2631.51206539,                47P   3402
0.592175499,20.109759439,2631.512067742,-0.121646443,                 47P   3403
22.769083769,2631.512070449,-0.795753998,25.438361971,                47P   3404
2631.512073513,-1.420237093,28.120238009,2631.512076937,              47P   3405
-1.898401356,30.367140034,2631.512080092,-2.260061452,                47P   3406
32.160666799,2631.512082783,-2.523740648,33.508224299,                47P   3407
2631.51208489,-2.783419674,34.859372514,2631.51208709,                47P   3408
-3.04495386,36.221191064,2631.512089392,-3.305089436,                 47P   3409
37.590218056,2631.512091795,-3.545517934,38.951394831,                47P   3410
2631.51209427,-3.749193604,40.290734772,2631.512096789,               47P   3411
-3.905214119,41.598176625,2631.512099326,-4.044357732,                47P   3412
42.71252552,2631.512101552,-4.185957281,43.640989955,                 47P   3413
2631.512103447,-4.313668905,44.364064686,2631.512104944,              47P   3414
-4.472440067,45.121196068,2631.512106539,-4.637774701,                47P   3415
45.89589077,2631.512108191,-4.772900787,46.661136852,                 47P   3416
2631.512109846,-4.846666773,47.394362863,2631.512111447,              47P   3417
-4.823090324,48.070064194,2631.512112933,-4.672402326,                47P   3418
48.665607724,2631.512114244,-4.354399195,49.154103733,                47P   3419
2631.512115314,-3.856343055,49.520066086,2631.512116106,              47P   3420
-3.228742279,49.778189653,2631.512116657,-2.505322026,                47P   3421
49.933729111,2631.512116984,-1.727940397,49.998915268,                47P   3422
2631.512117118,-0.940824524,49.981205305,2631.512117073,              47P   3423
-0.18798299,49.887781249,2631.512116861,0.525412423,                  47P   3424
49.730592718,2631.512116504,1.189557557,49.515885554,                 47P   3425
2631.512116019,1.607647498,49.33920578,2631.512115624,                47P   3426
1.812594327,49.243763857,2631.512115412,4.69367342,                   47P   3427
-107.140540757,2805.275150264,4.716515569,-107.09827035,              47P   3428
2805.275151158,4.764826154,-107.009649797,2805.275153167,             47P   3429
4.842355286,-106.868530052,2805.275156401,4.922118478,                47P   3430
-106.723335317,2805.275159687,5.027672195,-106.529843047,             47P   3431
2805.275163819,5.151045454,-106.298516,2805.275167968,                47P   3432
5.29356244,-106.025341711,2805.275172964,5.438731528,                 47P   3433
-105.74421064,2805.275179589,5.581831073,-105.462148211,              47P   3434
2805.275186408,5.718139139,-105.186174097,2805.275192009,             47P   3435
5.894667995,-104.819816234,2805.275199009,6.112749942,                47P   3436
-104.352666403,2805.275209007,6.36502928,-103.78457076,               47P   3437
2805.275221535,6.563003662,-103.310940347,2805.275231237,             47P   3438
6.715549411,-102.929264307,2805.27523894,6.864714707,                 47P   3439
-102.544868299,2805.275246728,7.045786229,-102.057638328,             47P   3440
2805.275256853,7.253428457,-101.466281841,2805.275269185,             47P   3441
7.45040368,-100.872341969,2805.275281273,7.637677776,                 47P   3442
-100.275276919,2805.27529332,7.816217224,-99.674544253,               47P   3443
2805.275305518,7.986165605,-99.071487655,2805.275317726,              47P   3444
8.147666855,-98.467450438,2805.275329804,8.30143713,                  47P   3445
-97.86234626,2805.27534183,8.448190741,-97.256090471,                 47P   3446
2805.275353874,8.588644355,-96.648167435,2805.275365899,              47P   3447
8.723514596,-96.038061549,2805.275377867,8.853163187,                 47P   3448
-95.426716065,2805.275389778,8.97795195,-94.815074114,                47P   3449
2805.27540163,9.098082777,-94.202870003,2805.275413427,               47P   3450
9.213757958,-93.589837626,2805.275425174,9.362321294,                 47P   3451
-92.771007584,2805.275440773,9.537900945,-91.744089743,               47P   3452
2805.275460162,9.733070886,-90.508717511,2805.2754832,                47P   3453
9.913389918,-89.272614415,2805.27550596,10.079734597,                 47P   3454
-88.034881283,2805.275528458,10.2329815,-86.794618836,                47P   3455
2805.275550714,10.373763971,-85.552628632,2805.275572708,             47P   3456
10.50271558,-84.309712037,2805.275594422,10.620329026,                47P   3457
-83.065709487,2805.27561586,10.727097019,-81.820461446,               47P   3458
2805.275637021,10.823515899,-80.574264985,2805.2756579,               47P   3459
10.91008204,-79.327417273,2805.27567849,11.01246751,                  47P   3460
-77.66423477,2805.275705555,11.116195995,-75.584188972,               47P   3461
2805.275738654,11.210652044,-73.084327687,2805.275777209,             47P   3462
11.263792605,-70.585482317,2805.275814556,11.284553812,               47P   3463
-68.086441851,2805.275850691,11.281871187,-65.585996949,              47P   3464
2805.2758856,11.24980607,-63.085512947,2805.275919281,                47P   3465
11.182419675,-60.586355187,2805.275951735,11.091896007,               47P   3466
-58.087503412,2805.275982937,10.982662989,-55.58963793,               47P   3467
2805.276012869,10.840986733,-53.093148185,2805.276041567,             47P   3468
10.674283659,-50.598270448,2805.276068995,10.487725038,               47P   3469
-48.10475593,2805.276095159,10.278991628,-45.61298788,                47P   3470
2805.276120047,10.048115162,-43.123169364,2805.276143662,             47P   3471
9.794030002,-40.635619587,2805.276166004,9.520113914,                 47P   3472
-38.150127545,2805.276187066,9.229744669,-35.666482236,               47P   3473
2805.276206842,8.919464422,-33.185298609,2805.276225334,              47P   3474
8.585815356,-30.707191608,2805.276242545,8.233810557,                 47P   3475
-28.231584256,2805.276258468,7.868463255,-25.757899533,               47P   3476
2805.276273096,7.486211945,-23.286839596,2805.276286433,              47P   3477
7.08349498,-20.819106622,2805.276298484,6.66403984,                   47P   3478
-18.354162856,2805.27630924,6.231575736,-15.891470849,                47P   3479
2805.276318692,5.785592044,-13.431238232,2805.276326867,              47P   3480
5.327645768,-10.973345486,2805.276333719,4.848782947,                 47P   3481
-8.519439932,2805.276339297,4.358964777,-6.067772818,                 47P   3482
2805.276343566,3.86014425,-3.617970806,2805.276346539,                47P   3483
3.349245716,-1.170772367,2805.27634821,2.827643418,1.274183591,       47P   3484
2805.276348582,2.297583693,3.717118846,2805.276347651,                47P   3485
1.759812533,6.158394662,2805.276345418,1.21608449,8.598209154,        47P   3486
2805.276341882,0.669520654,11.037367452,2805.276337038,               47P   3487
0.120945009,13.475972341,2805.276330888,-0.426450193,                 47P   3488
15.914681433,2805.276323429,-0.9664986,18.355311149,                  47P   3489
2805.276314655,-1.487174843,20.799859739,2805.276304557,              47P   3490
-1.973775417,23.251154951,2805.276293129,-2.419094506,                47P   3491
25.711525058,2805.276280359,-2.753971703,27.769802972,                47P   3492
2805.276268595,-3.002113939,29.41345878,2805.276258559,               47P   3493
-3.180355281,30.647614548,2805.276250702,-3.353333951,                47P   3494
31.885015757,2805.276242499,-3.525590696,33.130322768,                47P   3495
2805.276233914,-3.694177694,34.381550834,2805.276224956,              47P   3496
-3.843427081,35.626071636,2805.276215725,-3.958934267,                47P   3497
36.852866812,2805.276206335,-4.031359121,38.053912047,                47P   3498
2805.276196876,-4.094644928,39.073629467,2805.276188574,              47P   3499
-4.167109707,39.918547816,2805.276181512,-4.237305928,                47P   3500
40.573109189,2805.276175928,-4.331205023,41.254604917,                47P   3501
2805.276169981,-4.428692124,41.949537332,2805.276163823,              47P   3502
-4.49948588,42.635879868,2805.276157652,-4.518003946,                 47P   3503
43.295333252,2805.27615168,-4.454757075,43.907069769,                 47P   3504
2805.276146142,-4.28499161,44.452689743,2805.276141253,               47P   3505
-3.976156395,44.910369929,2805.276137265,-3.517090748,                47P   3506
45.267019504,2805.276134313,-2.949913493,45.530489597,                47P   3507
2805.276132257,-2.30216895,45.702971949,2805.276131037,               47P   3508
-1.60982978,45.791022684,2805.276130541,-0.908696254,                 47P   3509
45.797845051,2805.276130709,-0.234625457,45.726713827,                47P   3510
2805.276131497,0.405384933,45.585747515,2805.276132832,               47P   3511
1.005541383,45.384547272,2805.27613464,1.385109375,                   47P   3512
45.216101919,2805.276136113,1.571259686,45.124740892,                 47P   3513
2805.276136903,3.76747239,-86.866125717,3094.524085856,               47P   3514
3.788361642,-86.832852438,3094.524079704,3.832039245,                 47P   3515
-86.763828082,3094.524065876,3.901602081,-86.654662617,               47P   3516
3094.524043619,3.973455251,-86.541827965,3094.524021002,              47P   3517
4.070017201,-86.388981196,3094.523992567,4.187809298,                 47P   3518
-86.198155818,3094.523964005,4.323252576,-85.973722344,               47P   3519
3094.523929624,4.451532858,-85.757969981,3094.523884022,              47P   3520
4.577003163,-85.543403781,3094.523837093,4.704016654,                 47P   3521
-85.322534316,3094.523798545,4.871602398,-85.024723082,               47P   3522
3094.523750367,5.070606333,-84.655781922,3094.523681555,              47P   3523
5.297870224,-84.210792292,3094.523595335,5.481992061,                 47P   3524
-83.831734052,3094.523528562,5.625064073,-83.524842535,               47P   3525
3094.523475546,5.764962077,-83.215945178,3094.523421944,              47P   3526
5.933214424,-82.826857478,3094.523352263,6.126017227,                 47P   3527
-82.354881761,3094.523267391,6.311208532,-81.877509114,               47P   3528
3094.523184193,6.488168006,-81.396504954,3094.523101282,              47P   3529
6.65627476,-80.913635287,3094.523017329,6.816364406,                  47P   3530
-80.428788161,3094.522933314,6.969272227,-79.94185197,                47P   3531
3094.522850184,7.115242485,-79.453516445,3094.522767419,              47P   3532
7.254521146,-78.964469755,3094.522684524,7.388060623,                 47P   3533
-78.473863808,3094.522601764,7.516813371,-77.980850482,               47P   3534
3094.522519396,7.640997999,-77.486476337,3094.522437423,              47P   3535
7.760833029,-76.991788051,3094.522355852,7.876504991,                 47P   3536
-76.496551645,3094.522274656,7.988200054,-76.000533525,               47P   3537
3094.522193811,8.13207166,-75.337817098,3094.522086451,               47P   3538
8.302896851,-74.506280021,3094.521953007,8.493950165,                 47P   3539
-73.505364222,3094.521794448,8.671551512,-72.503330141,               47P   3540
3094.521637808,8.8365319,-71.499589055,3094.52148296,                 47P   3541
8.98972232,-70.493552345,3094.521329788,9.131687631,                  47P   3542
-69.485726017,3094.521178416,9.262992484,-68.476616258,               47P   3543
3094.521028965,9.383997373,-67.466401001,3094.520881421,              47P   3544
9.495062779,-66.455258155,3094.520735779,9.596909316,                 47P   3545
-65.443085335,3094.520592081,9.690257564,-64.429780067,               47P   3546
3094.520450369,9.803170922,-63.077847786,3094.520264089,              47P   3547
9.922242195,-61.387543827,3094.520036286,10.038228827,                47P   3548
-59.35512054,3094.519770932,10.116102069,-57.323019373,               47P   3549
3094.519513886,10.164640308,-55.290390275,3094.51926519,              47P   3550
10.192622505,-53.256381649,3094.519024923,10.194103426,               47P   3551
-51.222144431,3094.518793108,10.16313795,-49.188829548,               47P   3552
3094.518569745,10.110569752,-47.155575859,3094.518354991,             47P   3553
10.042166886,-45.123157915,3094.518148987,9.943401233,                47P   3554
-43.091945403,3094.517951469,9.821500955,-41.062013824,               47P   3555
3094.517762693,9.681519212,-39.033329838,3094.51758262,               47P   3556
9.521747448,-37.006099897,3094.517411326,9.340924149,                 47P   3557
-34.980678135,3094.517248796,9.138799715,-32.957311591,               47P   3558
3094.517095023,8.918319455,-30.935837551,3094.516950059,              47P   3559
8.682428678,-28.916093297,3094.516813954,8.428040846,                 47P   3560
-26.898634911,3094.516686684,8.152069394,-24.884018476,               47P   3561
3094.516568227,7.858721575,-22.871796588,3094.516458635,              47P   3562
7.552204512,-20.861521882,3094.516357958,7.22977743,                  47P   3563
-18.853745994,3094.516266166,6.88869969,-16.849020543,                47P   3564
3094.516183226,6.530996156,-14.847124886,3094.5161092,                47P   3565
6.1586901,-12.847838096,3094.516044149,5.777859574,                   47P   3566
-10.850218049,3094.515987886,5.380343054,-8.855596368,                47P   3567
3094.515940727,4.965231663,-6.864620038,3094.515902339,               47P   3568
4.537568018,-4.876173917,3094.515872958,4.102004091,                  47P   3569
-2.889403108,3094.515852502,3.653328351,-0.905476202,                 47P   3570
3094.515841003,3.193997572,1.07604218,3094.515838446,                 47P   3571
2.725687028,3.055720041,3094.515844854,2.249020826,5.03330239,        47P   3572
3094.515860225,1.76536914,7.009403244,3094.51588457,                  47P   3573
1.277663125,8.984523293,3094.515917908,0.786400622,                   47P   3574
10.958892306,3094.515960239,0.294364867,12.933046487,                 47P   3575
3094.516011579,-0.192813246,14.908795418,3094.516071973,              47P   3576
-0.66430519,16.888020697,3094.516141471,-1.107265047,                 47P   3577
18.873632206,3094.516220132,-1.515161376,20.867464684,                47P   3578
3094.516308025,-1.824780543,22.53664682,3094.51638899,                47P   3579
-2.056686883,23.869261071,3094.516458068,-2.224576514,                47P   3580
24.870214904,3094.516512142,-2.388835532,25.873733844,                47P   3581
3094.516568601,-2.553400701,26.88444439,3094.516627685,               47P   3582
-2.715966231,27.900209269,3094.516689342,-2.863236004,                47P   3583
28.910261532,3094.516752872,-2.983298302,29.905151958,                47P   3584
3094.516817505,-3.068210977,30.877775553,3094.516882605,              47P   3585
-3.143303115,31.705009305,3094.516939741,-3.223491603,                47P   3586
32.392366035,3094.516988352,-3.297859878,32.92617611,                 47P   3587
3094.51702678,-3.393179125,33.483303052,3094.517067712,               47P   3588
-3.492548046,34.05255437,3094.517110098,-3.569668385,                 47P   3589
34.61474138,3094.517152571,-3.603084144,35.154117696,                 47P   3590
3094.51719367,-3.567276924,35.652860001,3094.51723179,                47P   3591
-3.441437936,36.095106345,3094.517265437,-3.19732793,                 47P   3592
36.462086727,3094.517292883,-2.82606375,36.742753671,                 47P   3593
3094.517313204,-2.362799335,36.945646733,3094.517327351,              47P   3594
-1.832004623,37.073549665,3094.517335748,-1.262959066,                47P   3595
37.133620773,3094.51733916,-0.686720413,37.129853994,                 47P   3596
3094.517338005,-0.134294026,37.066177314,3094.517332579,              47P   3597
0.389635747,36.950262138,3094.517323391,0.879274184,                  47P   3598
36.788412681,3094.517310947,1.188245477,36.654078543,                 47P   3599
3094.517300811,1.339726424,36.581369678,3094.517295373,               47P   3600
3.005284596,-85.491968439,3326.260964625,3.024821326,                 47P   3601
-85.458979622,3326.261006136,3.066160319,-85.389697121,               47P   3602
3326.261099437,3.132131157,-85.279932019,3326.261249622,              47P   3603
3.200147685,-85.166731795,3326.261402232,3.290681131,                 47P   3604
-85.015020912,3326.261594099,3.39831228,-84.830763322,                47P   3605
3326.26178682,3.522479434,-84.613416237,3326.262018808,               47P   3606
3.645535788,-84.394960745,3326.262326505,3.766476824,                 47P   3607
-84.176509331,3326.262643161,3.884298936,-83.959172762,               47P   3608
3326.262903264,4.038085618,-83.668947153,3326.263228346,              47P   3609
4.225705908,-83.301714666,3326.263692659,4.44202498,                  47P   3610
-82.856083313,3326.264274431,4.61373285,-82.482403738,                47P   3611
3326.264724982,4.746578906,-82.180761071,3326.265082709,              47P   3612
4.876616327,-81.87688343,3326.265444387,5.034281017,                  47P   3613
-81.492028994,3326.265914562,5.215373376,-81.024788353,               47P   3614
3326.266487237,5.388066536,-80.55472885,3326.267048618,               47P   3615
5.55285645,-80.08155942,3326.267608062,5.710239075,                   47P   3616
-79.604989013,3326.268174537,5.860257214,-79.126680782,               47P   3617
3326.268741426,6.002953673,-78.648297873,3326.26930235,               47P   3618
6.139151851,-78.168832594,3326.269860806,6.269675153,                 47P   3619
-77.687277255,3326.270420141,6.395040309,-77.203762259,               47P   3620
3326.270978564,6.51576405,-76.718418013,3326.271534349,               47P   3621
6.632115618,-76.232080421,3326.272087463,6.744364253,                 47P   3622
-75.74558539,3326.272637866,6.852698711,-75.25866365,                 47P   3623
3326.273185734,6.957307743,-74.771045933,3326.27373124,               47P   3624
7.092070893,-74.11960198,3326.274455653,7.252155039,                  47P   3625
-73.30221075,3326.275356069,7.431276992,-72.318472797,                47P   3626
3326.276425949,7.597832565,-71.333935945,3326.277482879,              47P   3627
7.752679972,-70.347818823,3326.278527721,7.896677424,                 47P   3628
-69.359340064,3326.279561256,8.030181206,-68.369247751,               47P   3629
3326.280582639,8.1535476,-67.378289967,3326.281591069,                47P   3630
8.267456505,-66.386218964,3326.282586622,8.372587823,                 47P   3631
-65.392786994,3326.283569351,8.468957728,-64.398528633,               47P   3632
3326.28453896,8.556582388,-63.403978464,3326.285495167,               47P   3633
8.662696269,-62.077123538,3326.286752094,8.777005523,                 47P   3634
-60.41632925,3326.288289203,8.886180862,-58.420391352,                47P   3635
3326.290079693,8.961546775,-56.424832739,3326.291814119,              47P   3636
9.009992532,-54.428756907,3326.293492206,9.038407346,                 47P   3637
-52.431267362,3326.29511342,9.042102198,-50.433453065,                47P   3638
3326.296677598,9.016388098,-48.436402971,3326.298184749,              47P   3639
8.9703607,-46.439320752,3326.299633815,8.909642415,                   47P   3640
-44.442917883,3326.301023834,8.820344375,-42.447441359,               47P   3641
3326.302356599,8.7109353,-40.453022593,3326.303630374,                47P   3642
8.583736507,-38.459675388,3326.304845419,8.438407348,                 47P   3643
-36.46755619,3326.306001237,8.274099955,-34.476928374,                47P   3644
3326.30709791,8.089966453,-32.488055316,3326.308135499,               47P   3645
7.888911333,-30.50079113,3326.309113652,7.673839077,                  47P   3646
-28.514989932,3326.310032029,7.441793573,-26.531144604,               47P   3647
3326.310890783,7.189818707,-24.549748029,3326.311690077,              47P   3648
6.922042833,-22.570381163,3326.312429558,6.642594298,                 47P   3649
-20.592624963,3326.313108874,6.348629,-18.6170126,                    47P   3650
3326.313728242,6.037302842,-16.644077245,3326.314287887,              47P   3651
5.711224598,-14.673501422,3326.314787374,5.373003041,                 47P   3652
-12.704967657,3326.315226311,5.024715607,-10.738213128,               47P   3653
3326.315605941,4.664255336,-8.773644131,3326.315924152,               47P   3654
4.286046515,-6.812429215,3326.31618317,3.898377421,                   47P   3655
-4.853042182,3326.316381415,3.502244504,-2.895355048,                 47P   3656
3326.316519446,3.095361399,-0.939916206,3326.316597029,               47P   3657
2.679165884,1.013574972,3326.316614277,2.254919039,2.965386698,       47P   3658
3326.316571039,1.823782683,4.915613626,3326.316467316,                47P   3659
1.386743123,6.864572146,3326.316303045,0.946721365,8.812838665,       47P   3660
3326.316078098,0.504143151,10.760536289,3326.315792464,               47P   3661
0.061746737,12.708188778,3326.315446041,-0.375302773,                 47P   3662
14.657328559,3326.315038527,-0.796881334,16.609629029,                47P   3663
3326.314569579,-1.190806839,18.567468239,3326.314038811,              47P   3664
-1.551012241,20.532713031,3326.313445745,-1.821821619,                47P   3665
22.177025746,3326.31289943,-2.022787356,23.489798915,                 47P   3666
3326.312433324,-2.167470563,24.475496501,3326.312068452,              47P   3667
-2.308127577,25.464219318,3326.311687499,-2.448609833,                47P   3668
26.459036654,3326.31128882,-2.586569777,27.459031935,                 47P   3669
3326.310872791,-2.709241141,28.453166621,3326.310444116,              47P   3670
-2.805448654,29.432840655,3326.310008,-2.866828931,                   47P   3671
30.390664303,3326.309568736,-2.922013017,31.205216495,                47P   3672
3326.309183208,-2.983330552,31.880266851,3326.308855205,              47P   3673
-3.043091894,32.404194946,3326.30859591,-3.122832037,                 47P   3674
32.951558294,3326.308319719,-3.204382589,33.508796168,                47P   3675
3326.308033715,-3.265929902,34.059263944,3326.307747132,              47P   3676
-3.284330208,34.587772867,3326.307469813,-3.237034324,                47P   3677
35.07654508,3326.307212596,-3.103343708,35.510643656,                 47P   3678
3326.306985561,-2.856842218,35.871755595,3326.306800365,              47P   3679
-2.488750494,36.149227165,3326.306663253,-2.03302616,                 47P   3680
36.350676234,3326.306567796,-1.51277528,36.478301979,                 47P   3681
3326.306511134,-0.956439853,36.538655393,3326.30648811,               47P   3682
-0.393552748,36.535109572,3326.306495906,0.146353168,                 47P   3683
36.471037606,3326.306532521,0.658215166,36.353497444,                 47P   3684
3326.306594518,1.13697052,36.189547036,3326.306678481,                47P   3685
1.439173132,36.053658551,3326.306746874,1.5873084,35.980155243,       47P   3686
3326.306783569,2.43446,-82.7042,3500.,2.453582599,                    47P   3687
-82.672302442,3500.,2.493980109,-82.605437005,3500.,                  47P   3688
2.558750997,-82.498972473,3500.,2.625414199,-82.389386155,            47P   3689
3500.,2.713778472,-82.243168132,3500.,2.817553041,                    47P   3690
-82.067814078,3500.,2.93751092,-81.860627347,3500.,3.059014825,       47P   3691
-81.648047319,3500.,3.178712719,-81.434952331,3500.,                  47P   3692
3.293252568,-81.226220716,3500.,3.442025473,-80.948667535,            47P   3693
3500.,3.626085868,-80.593651267,3500.,3.839446512,                    47P   3694
-80.161389111,3500.,4.007268316,-79.801532643,3500.,                  47P   3695
4.136929246,-79.511355842,3500.,4.26398941,-79.218815013,3500.,       47P   3696
4.418807384,-78.847138412,3500.,4.597009651,-78.39549513,3500.,       47P   3697
4.766464887,-77.942190033,3500.,4.928193174,-77.485920054,            47P   3698
3500.,5.083214597,-77.025382128,3500.,5.231140211,                    47P   3699
-76.563212818,3500.,5.371581068,-76.10204869,3500.,5.505700262,       47P   3700
-75.639879678,3500.,5.634660883,-75.174695719,3500.,                  47P   3701
5.758756162,-74.707228025,3500.,5.878279327,-74.238207809,            47P   3702
3500.,5.993523607,-73.768366282,3500.,6.104782231,                    47P   3703
-73.298434657,3500.,6.212246685,-72.828122718,3500.,                  47P   3704
6.316108457,-72.357140249,3500.,6.450042558,-71.727882629,            47P   3705
3500.,6.609410909,-70.938183196,3500.,6.788112241,                    47P   3706
-69.987670179,3500.,6.95461103,-69.036413615,3500.,7.10981014,        47P   3707
-68.083560913,3500.,7.254612434,-67.128259483,3500.,                  47P   3708
7.389242604,-66.171359522,3500.,7.51392534,-65.213711227,3500.,       47P   3709
7.629530423,-64.254887776,3500.,7.73692763,-63.294462344,3500.,       47P   3710
7.835760374,-62.333274611,3500.,7.925672065,-61.37216426,3500.,       47P   3711
8.03527059,-60.089861118,3500.,8.156007398,-58.48370371,3500.,        47P   3712
8.271923128,-56.553801989,3500.,8.355920135,-54.624120178,            47P   3713
3500.,8.414090953,-52.693802404,3500.,8.452528112,                    47P   3714
-50.761992797,3500.,8.467005272,-48.829735233,3500.,8.45329609,       47P   3715
-46.898073586,3500.,8.419699525,-44.966237888,3500.,                  47P   3716
8.372202119,-43.034975066,3500.,8.296473898,-41.104462737,            47P   3717
3500.,8.202117182,-39.174831481,3500.,8.089823226,                    47P   3718
-37.246173487,3500.,7.960283288,-35.318580943,3500.,7.81246599,       47P   3719
-33.392317142,3500.,7.645339956,-31.46764538,3500.,7.46180917,        47P   3720
-29.544435746,3500.,7.264777618,-27.622558331,3500.,                  47P   3721
7.051316669,-25.702478957,3500.,6.818497694,-23.784663444,            47P   3722
3500.,6.570404524,-21.868717032,3500.,6.311120993,                    47P   3723
-19.954244958,3500.,6.037750534,-18.041771673,3500.,                  47P   3724
5.747396582,-16.131821627,3500.,5.442882416,-14.224048927,            47P   3725
3500.,5.127031318,-12.318107682,3500.,4.800300824,                    47P   3726
-10.414010589,3500.,4.463148471,-8.511770347,3500.,4.107686348,       47P   3727
-6.612839887,3500.,3.744061553,-4.71543916,3500.,3.371359881,         47P   3728
-2.81981705,3500.,2.988667126,-0.926222441,3500.,2.596992438,         47P   3729
0.965548802,3500.,2.197344969,2.855700814,3500.,1.791168634,          47P   3730
4.744390367,3500.,1.379183823,6.631864816,3500.,0.964375543,          47P   3731
8.518701084,3500.,0.547050754,10.404989749,3500.,0.12991835,          47P   3732
12.291240634,3500.,-0.282043492,14.17888563,3500.,-0.679023286,       47P   3733
16.069523107,3500.,-1.049223016,17.965335347,3500.,-1.38676749,       47P   3734
19.868168798,3500.,-1.63962255,21.460045232,3500.,-1.826723434,       47P   3735
22.730859709,3500.,-1.961262765,23.684927696,3500.,                   47P   3736
-2.091821017,24.642253274,3500.,-2.222211164,25.605073149,            47P   3737
3500.,-2.350119318,26.573130297,3500.,-2.46323548,27.535276883,       47P   3738
3500.,-2.550988975,28.483448093,3500.,-2.60481348,29.410043733,       47P   3739
3500.,-2.654131567,30.198500435,3500.,-2.709246,30.851385845,         47P   3740
3500.,-2.764259878,31.358357568,3500.,-2.838799881,                   47P   3741
31.888884597,3500.,-2.913982547,32.427965868,3500.,                   47P   3742
-2.970924417,32.960600316,3500.,-2.985528566,33.471980299,            47P   3743
3500.,-2.937200219,33.944408929,3500.,-2.80545972,34.363567423,       47P   3744
3500.,-2.565069612,34.711466792,3500.,-2.207496868,                   47P   3745
34.977797716,3500.,-1.765635655,35.170162549,3500.,                   47P   3746
-1.261762267,35.290679349,3500.,-0.723341922,35.345991122,            47P   3747
3500.,-0.17892059,35.339477054,3500.,0.342955759,35.274516332,        47P   3748
3500.,0.837408391,35.157988711,3500.,1.299558572,34.996773944,        47P   3749
3500.,1.591103917,34.863676352,3500.,1.733982943,34.791764873,        47P   3750
3500.,0.,0.5,0.,1.;                                                   47P   3751
126,1,1,1,0,1,0,0.,0.,1.,1.,1.,1.,0.5,1.,0.,0.,1.,0.,0.,1.,0.,        49P   3752
0.,1.;                                                                49P   3753
126,115,3,1,0,1,0,0.5,0.5,0.5,0.5,0.501953125,0.50390625,             51P   3754
0.505859375,0.5078125,0.509765625,0.51171875,0.513671875,             51P   3755
0.515625,0.517578125,0.51953125,0.521484375,0.5234375,                51P   3756
0.525390625,0.52734375,0.529296875,0.53125,0.533203125,               51P   3757
0.53515625,0.5390625,0.54296875,0.546875,0.55078125,0.5546875,        51P   3758
0.55859375,0.5625,0.56640625,0.5703125,0.578125,0.5859375,            51P   3759
0.59375,0.6015625,0.609375,0.6171875,0.625,0.6328125,0.640625,        51P   3760
0.6484375,0.65625,0.6640625,0.671875,0.6796875,0.6875,                51P   3761
0.6953125,0.703125,0.7109375,0.71875,0.7265625,0.734375,              51P   3762
0.7421875,0.75,0.7578125,0.765625,0.7734375,0.78125,0.7890625,        51P   3763
0.796875,0.8046875,0.8125,0.8203125,0.828125,0.8359375,0.84375,       51P   3764
0.8515625,0.859375,0.8671875,0.875,0.8828125,0.890625,                51P   3765
0.8984375,0.90625,0.91015625,0.9140625,0.91796875,0.921875,           51P   3766
0.92578125,0.9296875,0.93359375,0.9375,0.94140625,0.9453125,          51P   3767
0.94921875,0.953125,0.955078125,0.95703125,0.958984375,               51P   3768
0.9609375,0.962890625,0.96484375,0.966796875,0.96875,                 51P   3769
0.970703125,0.97265625,0.974609375,0.9765625,0.978515625,             51P   3770
0.98046875,0.982421875,0.984375,0.9853515625,0.986328125,             51P   3771
0.98828125,0.990234375,0.9921875,0.9931640625,0.994140625,            51P   3772
0.9951171875,0.99609375,0.9970703125,0.998046875,0.99853515625,       51P   3773
0.9990234375,0.99951171875,1.,1.,1.,1.,1.,1.,1.,1.,1.,1.,1.,1.,       51P   3774
1.,1.,1.,1.,1.,1.,1.,1.,1.,1.,1.,1.,1.,1.,1.,1.,1.,1.,1.,1.,1.,       51P   3775
1.,1.,1.,1.,1.,1.,1.,1.,1.,1.,1.,1.,1.,1.,1.,1.,1.,1.,1.,1.,1.,       51P   3776
1.,1.,1.,1.,1.,1.,1.,1.,1.,1.,1.,1.,1.,1.,1.,1.,1.,1.,1.,1.,1.,       51P   3777
1.,1.,1.,1.,1.,1.,1.,1.,1.,1.,1.,1.,1.,1.,1.,1.,1.,1.,1.,1.,1.,       51P   3778
1.,1.,1.,1.,1.,1.,1.,1.,1.,1.,1.,1.,1.,1.,1.,1.,1.,1.,1.,1.,1.,       51P   3779
1.,1.,1.,1.733982943,34.791764873,3500.,1.591103917,                  51P   3780
34.863676352,3500.,1.299558572,34.996773944,3500.,0.837408391,        51P   3781
35.157988711,3500.,0.342955759,35.274516332,3500.,-0.17892059,        51P   3782
35.339477054,3500.,-0.723341922,35.345991122,3500.,                   51P   3783
-1.261762267,35.290679349,3500.,-1.765635655,35.170162549,            51P   3784
3500.,-2.207496868,34.977797716,3500.,-2.565069612,                   51P   3785
34.711466792,3500.,-2.80545972,34.363567423,3500.,-2.937200219,       51P   3786
33.944408929,3500.,-2.985528566,33.471980299,3500.,                   51P   3787
-2.970924417,32.960600316,3500.,-2.913982547,32.427965868,            51P   3788
3500.,-2.838799881,31.888884597,3500.,-2.764259878,                   51P   3789
31.358357568,3500.,-2.709246,30.851385845,3500.,-2.654131567,         51P   3790
30.198500435,3500.,-2.60481348,29.410043733,3500.,-2.550988975,       51P   3791
28.483448093,3500.,-2.46323548,27.535276883,3500.,-2.350119318,       51P   3792
26.573130297,3500.,-2.222211164,25.605073149,3500.,                   51P   3793
-2.091821017,24.642253274,3500.,-1.961262765,23.684927696,            51P   3794
3500.,-1.826723434,22.730859709,3500.,-1.63962255,21.460045232,       51P   3795
3500.,-1.38676749,19.868168798,3500.,-1.049223016,17.965335347,       51P   3796
3500.,-0.679023286,16.069523107,3500.,-0.282043492,14.17888563,       51P   3797
3500.,0.12991835,12.291240634,3500.,0.547050754,10.404989749,         51P   3798
3500.,0.964375543,8.518701084,3500.,1.379183823,6.631864816,          51P   3799
3500.,1.791168634,4.744390367,3500.,2.197344969,2.855700814,          51P   3800
3500.,2.596992438,0.965548802,3500.,2.988667126,-0.926222441,         51P   3801
3500.,3.371359881,-2.81981705,3500.,3.744061553,-4.71543916,          51P   3802
3500.,4.107686348,-6.612839887,3500.,4.463148471,-8.511770347,        51P   3803
3500.,4.800300824,-10.414010589,3500.,5.127031318,                    51P   3804
-12.318107682,3500.,5.442882416,-14.224048927,3500.,                  51P   3805
5.747396582,-16.131821627,3500.,6.037750534,-18.041771673,            51P   3806
3500.,6.311120993,-19.954244958,3500.,6.570404524,                    51P   3807
-21.868717032,3500.,6.818497694,-23.784663444,3500.,                  51P   3808
7.051316669,-25.702478957,3500.,7.264777618,-27.622558331,            51P   3809
3500.,7.46180917,-29.544435746,3500.,7.645339956,-31.46764538,        51P   3810
3500.,7.81246599,-33.392317142,3500.,7.960283288,-35.318580943,       51P   3811
3500.,8.089823226,-37.246173487,3500.,8.202117182,                    51P   3812
-39.174831481,3500.,8.296473898,-41.104462737,3500.,                  51P   3813
8.372202119,-43.034975066,3500.,8.419699525,-44.966237888,            51P   3814
3500.,8.45329609,-46.898073586,3500.,8.467005272,-48.829735233,       51P   3815
3500.,8.452528112,-50.761992797,3500.,8.414090953,                    51P   3816
-52.693802404,3500.,8.355920135,-54.624120178,3500.,                  51P   3817
8.271923128,-56.553801989,3500.,8.156007398,-58.48370371,3500.,       51P   3818
8.03527059,-60.089861118,3500.,7.925672065,-61.37216426,3500.,        51P   3819
7.835760374,-62.333274611,3500.,7.73692763,-63.294462344,3500.,       51P   3820
7.629530423,-64.254887776,3500.,7.51392534,-65.213711227,3500.,       51P   3821
7.389242604,-66.171359522,3500.,7.254612434,-67.128259483,            51P   3822
3500.,7.10981014,-68.083560913,3500.,6.95461103,-69.036413615,        51P   3823
3500.,6.788112241,-69.987670179,3500.,6.609410909,                    51P   3824
-70.938183196,3500.,6.450042558,-71.727882629,3500.,                  51P   3825
6.316108457,-72.357140249,3500.,6.212246685,-72.828122718,            51P   3826
3500.,6.104782231,-73.298434657,3500.,5.993523607,                    51P   3827
-73.768366282,3500.,5.878279327,-74.238207809,3500.,                  51P   3828
5.758756162,-74.707228025,3500.,5.634660883,-75.174695719,            51P   3829
3500.,5.505700262,-75.639879678,3500.,5.371581068,-76.10204869,       51P   3830
3500.,5.231140211,-76.563212818,3500.,5.083214597,                    51P   3831
-77.025382128,3500.,4.928193174,-77.485920054,3500.,                  51P   3832
4.766464887,-77.942190033,3500.,4.597009651,-78.39549513,3500.,       51P   3833
4.418807384,-78.847138412,3500.,4.26398941,-79.218815013,3500.,       51P   3834
4.136929246,-79.511355842,3500.,4.007268316,-79.801532643,            51P   3835
3500.,3.839446512,-80.161389111,3500.,3.626085868,                    51P   3836
-80.593651267,3500.,3.442025473,-80.948667535,3500.,                  51P   3837
3.293252568,-81.226220716,3500.,3.178712719,-81.434952331,            51P   3838
3500.,3.059014825,-81.648047319,3500.,2.93751092,-81.860627347,       51P   3839
3500.,2.817553041,-82.067814078,3500.,2.713778472,                    51P   3840
-82.243168132,3500.,2.625414199,-82.389386155,3500.,                  51P   3841
2.558750997,-82.498972473,3500.,2.493980109,-82.605437005,            51P   3842
3500.,2.453582599,-82.672302442,3500.,2.43446,-82.7042,3500.,         51P   3843
0.5,1.,0.,0.,-1.;                                                     51P   3844
126,1,1,1,0,1,0,0.,0.,1.,1.,1.,1.,0.,1.,0.,0.,0.,0.,0.,1.,0.,         53P   3845
0.,1.;                                                                53P   3846
126,19,3,0,0,1,0,0.,0.,0.,0.,0.154822778991128,                       55P   3847
0.206481778005138,0.258137807930832,0.309832597224315,                55P   3848
0.361579893480283,0.413375003611592,0.465227468056719,                55P   3849
0.517060758750306,0.568863963014532,0.620916085196538,                55P   3850
0.673388337319899,0.725823808089973,0.778316827250111,                55P   3851
0.830985395721938,0.887244491590958,0.948199601675007,1.,1.,1.,       55P   3852
1.,1.,1.,1.,1.,1.,1.,1.,1.,1.,1.,1.,1.,1.,1.,1.,1.,1.,1.,1.,1.,       55P   3853
2.43446,-82.7042,3500.,3.005284596,-85.491968439,                     55P   3854
3326.260964625,3.76747239,-86.866125717,3094.524085856,               55P   3855
4.69367342,-107.140540757,2805.275150264,5.228461843,                 55P   3856
-116.934095515,2631.512380123,5.857460077,-130.688146318,             55P   3857
2457.795835368,6.594419728,-148.165125243,2284.135959178,             55P   3858
8.017882933,-167.764444984,2110.423190366,8.517188729,                55P   3859
-190.899459282,1936.870756008,10.48308192,-213.158352777,             55P   3860
1763.253199667,11.919034444,-230.895672541,1589.054744535,            55P   3861
25.00012784,-256.980208768,1414.968652868,35.49543378,                55P   3862
-300.402727602,1242.318934329,49.312772068,-341.470921252,            55P   3863
1068.173845735,75.393110519,-360.993247357,894.909084663,             55P   3864
137.956032323,-423.875266589,715.191467504,95.66050816,               55P   3865
-291.857491256,538.487287007,38.50853689,-116.932709135,              55P   3866
387.698765775,35.750346098,-108.514363245,267.094277918,              55P   3867
39.0419,-118.747,200.,0.,1.,-0.999994525,0.000345364,                 55P   3868
-0.003291052;                                                         55P   3869
126,1,1,1,0,1,0,0.,0.,1.,1.,1.,1.,0.,0.,0.,0.5,0.,0.,0.,1.,0.,        57P   3870
0.,1.;                                                                57P   3871
126,46,3,1,0,1,0,0.,0.,0.,0.,0.00781249999999998,0.01171875,          59P   3872
0.01171875,0.015625,0.015625,0.03125,0.03125,0.0625,0.0625,           59P   3873
0.125,0.125,0.1875,0.1875,0.25,0.25,0.375,0.375,0.4375,0.4375,        59P   3874
0.5,0.5,0.5625,0.5625,0.625,0.625,0.6875,0.6875,0.75,0.75,            59P   3875
0.8125,0.8125,0.875,0.875,0.90625,0.90625,0.921875,0.921875,          59P   3876
0.9375,0.9375,0.953125,0.953125,0.96875,0.96875,1.,1.,1.,1.,1.,       59P   3877
1.,1.,1.,1.,1.,1.,1.,1.,1.,1.,1.,1.,1.,1.,1.,1.,1.,1.,1.,1.,1.,       59P   3878
1.,1.,1.,1.,1.,1.,1.,1.,1.,1.,1.,1.,1.,1.,1.,1.,1.,1.,1.,1.,1.,       59P   3879
1.,1.,1.,1.,39.0419,-118.747,200.,38.095164751,-119.059517066,        59P   3880
200.,36.650942794,-119.514798287,200.,35.170542209,                   59P   3881
-119.949837938,200.,34.175568791,-120.235366246,200.,                 59P   3882
33.662332022,-120.379089655,200.,31.193351065,-121.054378198,         59P   3883
200.,29.216977163,-121.544358889,200.,23.209248793,                   59P   3884
-122.880236242,200.,19.186656209,-123.571806701,200.,                 59P   3885
7.006682854,-125.056774587,200.,-1.198904205,-125.250060888,          59P   3886
200.,-17.535794483,-124.027999141,200.,-25.62056486,                  59P   3887
-122.611599194,200.,-41.381769389,-118.22160247,200.,                 59P   3888
-49.042806585,-115.254418019,200.,-70.954890808,-104.190498032,       59P   3889
200.,-84.09659444,-93.919263055,200.,-100.083910904,                  59P   3890
-75.319641108,200.,-104.810502757,-68.58583179,200.,                  59P   3891
-112.850950289,-54.345572547,200.,-116.168703062,-46.835667563,       59P   3892
200.,-121.291886551,-31.273810394,200.,-123.082403766,                59P   3893
-23.258470286,200.,-125.059829547,-7.028972019,200.,                  59P   3894
-125.247625279,1.192173886,200.,-124.020212693,17.508784444,          59P   3895
200.,-122.604500444,25.608360755,200.,-118.22568319,                  59P   3896
41.361230417,200.,-115.252971444,49.046976054,200.,                   59P   3897
-107.893452892,63.621306778,200.,-103.479094141,70.567138884,         59P   3898
200.,-93.3892878,83.459925646,200.,-87.72414816,89.394244527,         59P   3899
200.,-78.413515742,97.406690326,200.,-75.186503344,                   59P   3900
99.919382665,200.,-70.166434512,103.447264702,200.,                   59P   3901
-68.465735509,104.581222143,200.,-65.009652054,106.765130549,         59P   3902
200.,-63.26415593,107.809490688,200.,-59.678924918,                   59P   3903
109.836567794,200.,-57.869084276,110.801718987,200.,                  59P   3904
-54.214952718,112.635246651,200.,-52.350704025,113.51241443,          59P   3905
200.,-46.826029198,115.946007842,200.,-42.993643906,                  59P   3906
117.411705762,200.,-39.054125452,118.706853591,200.,0.,1.,0.,         59P   3907
0.,1.;                                                                59P   3908
126,1,1,1,0,1,0,0.,0.,1.,1.,1.,1.,0.5,0.,0.,0.5,1.,0.,0.,1.,0.,       61P   3909
0.,1.;                                                                61P   3910
126,19,3,0,0,1,0,0.,0.,0.,0.,0.0518003983249931,                      63P   3911
0.112755508409042,0.169014604278062,0.221683172749889,                63P   3912
0.274176191910027,0.326611662680101,0.379083914803462,                63P   3913
0.431136036985468,0.482939241249694,0.534772531943281,                63P   3914
0.586624996388408,0.638420106519717,0.690167402775685,                63P   3915
0.741862192069168,0.793518221994862,0.845177221008872,1.,1.,1.,       63P   3916
1.,1.,1.,1.,1.,1.,1.,1.,1.,1.,1.,1.,1.,1.,1.,1.,1.,1.,1.,1.,1.,       63P   3917
-39.054125452,118.706853591,200.,-38.364017251,115.960913799,         63P   3918
258.29279466,-39.203424065,118.704770017,392.551882064,               63P   3919
-46.617591212,152.004827071,537.213651232,-55.236743515,              63P   3920
174.826673223,715.497740102,-30.930407087,155.946512853,              63P   3921
894.829611273,-19.591189727,145.388805393,1068.195084486,             63P   3922
-13.069477532,128.284278045,1242.313240024,-8.134496331,              63P   3923
110.437614371,1414.970165772,-0.590104841,97.240533761,               63P   3924
1589.054342599,-1.117398413,90.22718834,1763.253307556,               63P   3925
0.228248472,80.767308917,1936.870725808,1.232580954,                  63P   3926
71.004254359,2110.423203195,0.774732464,62.767319264,                 63P   3927
2284.135938064,1.481953578,55.072141484,2457.79590691,                63P   3928
1.812594327,49.243763857,2631.512115412,1.571259686,                  63P   3929
45.124740892,2805.276136903,1.339726424,36.581369678,                 63P   3930
3094.517295373,1.5873084,35.980155243,3326.306783569,                 63P   3931
1.733982943,34.791764873,3500.,0.,1.,0.965951652,0.258721552,         63P   3932
0.000751768;                                                          63P   3933
102,4,49,53,57,61;                                                    65P   3934
102,4,51,55,59,63;                                                    67P   3935
142,1,47,65,67,1;                                                     69P   3936
144,47,1,0,69;                                                        71P   3937
128,1,1,1,1,0,0,1,0,0,0.,0.,1.,1.,0.,0.,1.,1.,1.,1.,1.,1.,            73P   3938
17.383704943,-83.609674757,3500.,-3.111188938,-83.609674757,          73P   3939
3500.,17.383704943,36.084950437,3500.,-3.111188938,                   73P   3940
36.084950437,3500.,0.,1.,0.,1.;                                       73P   3941
126,122,2,1,0,1,0,0.,0.,0.,0.00390625,0.00390625,0.0078125,           75P   3942
0.0078125,0.015625,0.015625,0.0234375,0.0234375,0.03125,              75P   3943
0.03125,0.0390625,0.0390625,0.046875,0.046875,0.0625,0.0625,          75P   3944
0.09375,0.09375,0.125,0.125,0.15625,0.15625,0.171875,0.171875,        75P   3945
0.1875,0.1875,0.203125,0.203125,0.21875,0.21875,0.234375,             75P   3946
0.234375,0.25,0.25,0.28125,0.28125,0.296875,0.296875,0.3125,          75P   3947
0.3125,0.34375,0.34375,0.375,0.375,0.40625,0.40625,0.4375,            75P   3948
0.4375,0.46875,0.46875,0.5,0.5,0.53125,0.53125,0.5625,0.5625,         75P   3949
0.59375,0.59375,0.625,0.625,0.65625,0.65625,0.671875,0.671875,        75P   3950
0.6875,0.6875,0.703125,0.703125,0.71875,0.71875,0.75,0.75,            75P   3951
0.765625,0.765625,0.78125,0.78125,0.8125,0.8125,0.84375,              75P   3952
0.84375,0.875,0.875,0.890625,0.890625,0.90625,0.90625,                75P   3953
0.9140625,0.9140625,0.921875,0.921875,0.9375,0.9375,0.94140625,       75P   3954
0.94140625,0.9453125,0.9453125,0.94921875,0.94921875,0.953125,        75P   3955
0.953125,0.95703125,0.95703125,0.9609375,0.9609375,0.96484375,        75P   3956
0.96484375,0.96875,0.96875,0.975,0.975,0.9796875,0.9796875,           75P   3957
0.984375,0.984375,0.98828125,0.98828125,0.9921875,0.9921875,          75P   3958
0.99609375,0.99609375,1.,1.,1.,1.,1.,1.,1.,1.,1.,1.,1.,1.,1.,         75P   3959
1.,1.,1.,1.,1.,1.,1.,1.,1.,1.,1.,1.,1.,1.,1.,1.,1.,1.,1.,1.,1.,       75P   3960
1.,1.,1.,1.,1.,1.,1.,1.,1.,1.,1.,1.,1.,1.,1.,1.,1.,1.,1.,1.,1.,       75P   3961
1.,1.,1.,1.,1.,1.,1.,1.,1.,1.,1.,1.,1.,1.,1.,1.,1.,1.,1.,1.,1.,       75P   3962
1.,1.,1.,1.,1.,1.,1.,1.,1.,1.,1.,1.,1.,1.,1.,1.,1.,1.,1.,1.,1.,       75P   3963
1.,1.,1.,1.,1.,1.,1.,1.,1.,1.,1.,1.,1.,1.,1.,1.,1.,1.,1.,1.,1.,       75P   3964
1.,1.,1.,1.,1.,1.,1.,1.,0.763591268,0.98919596,0.,0.753582814,        75P   3965
0.988333442,0.,0.743073794,0.987269953,0.,0.733578089,                75P   3966
0.986309008,0.,0.723243227,0.985139784,0.,0.705712025,                75P   3967
0.983156408,0.,0.685024623,0.980479947,0.,0.665306098,                75P   3968
0.977928835,0.,0.648083218,0.975456066,0.,0.629992763,                75P   3969
0.972858736,0.,0.612765206,0.970079675,0.,0.595385393,                75P   3970
0.967276052,0.,0.579371372,0.964365346,0.,0.563771292,                75P   3971
0.961529877,0.,0.548008056,0.958326036,0.,0.52004668,                 75P   3972
0.95264295,0.,0.49042301,0.945542753,0.,0.437133017,                  75P   3973
0.932770215,0.,0.38980631,0.918250165,0.,0.345538954,                 75P   3974
0.904668738,0.,0.305733353,0.889359898,0.,0.268172788,                75P   3975
0.874914476,0.,0.235767486,0.859387397,0.,0.220091493,                75P   3976
0.851876207,0.,0.205604195,0.844094936,0.,0.191695392,                75P   3977
0.83662438,0.,0.178395312,0.82864051,0.,0.164982909,                  75P   3978
0.820589213,0.,0.153918984,0.813051505,0.,0.142174089,                75P   3979
0.80504986,0.,0.132630219,0.797328331,0.,0.123398596,                 75P   3980
0.789859428,0.,0.114794634,0.781478491,0.,0.106566137,                75P   3981
0.773463287,0.,0.099840285,0.765540258,0.,0.086181517,                75P   3982
0.749450275,0.,0.078410749,0.733471522,0.,0.07466239,                 75P   3983
0.725763905,0.,0.07196744,0.717369002,0.,0.069524108,                 75P   3984
0.709757901,0.,0.06784304,0.701243226,0.,0.064801305,                 75P   3985
0.685836713,0.,0.06452721,0.66896767,0.,0.064267549,                  75P   3986
0.652986967,0.,0.066482165,0.636690086,0.,0.068517885,                75P   3987
0.621709657,0.,0.072967757,0.604428211,0.,0.077063337,                75P   3988
0.588522689,0.,0.08276867,0.572192192,0.,0.087788674,                 75P   3989
0.55782333,0.,0.095210756,0.539981833,0.,0.102318122,                 75P   3990
0.522896864,0.,0.109435038,0.507793616,0.,0.116113673,                75P   3991
0.493620472,0.,0.125458575,0.475630425,0.,0.134698288,                75P   3992
0.45784288,0.,0.142810588,0.443485958,0.,0.151676915,                 75P   3993
0.42779458,0.,0.161881075,0.411373108,0.,0.172005253,                 75P   3994
0.395080351,0.,0.182687931,0.379285696,0.,0.193840715,                75P   3995
0.362795976,0.,0.205337669,0.347247747,0.,0.210948849,                75P   3996
0.339659309,0.,0.217428139,0.331234363,0.,0.224125777,                75P   3997
0.322525502,0.,0.229977472,0.315239273,0.,0.236410608,                75P   3998
0.307229064,0.,0.243159246,0.299256806,0.,0.249346635,                75P   3999
0.291947559,0.,0.256976034,0.283291413,0.,0.272635805,                75P   4000
0.265524185,0.,0.286205635,0.251401287,0.,0.293435143,                75P   4001
0.243877125,0.,0.301881253,0.235485709,0.,0.310025366,                75P   4002
0.227394333,0.,0.318196432,0.219588906,0.,0.335812275,                75P   4003
0.202761335,0.,0.353012219,0.187865223,0.,0.371549475,                75P   4004
0.171810923,0.,0.391555144,0.156264385,0.,0.413602438,                75P   4005
0.139131287,0.,0.434498293,0.124834,0.,0.445101847,0.117578874,       75P   4006
0.,0.458183523,0.109162091,0.,0.471503562,0.100591945,0.,             75P   4007
0.482899632,0.093736171,0.,0.489936432,0.089502896,0.,                75P   4008
0.496048754,0.086039361,0.,0.503210776,0.081981017,0.,                75P   4009
0.51035203,0.07826461,0.,0.523023651,0.071670123,0.,0.54282122,       75P   4010
0.062454596,0.,0.544740429,0.061561227,0.,0.551032439,                75P   4011
0.058648306,0.,0.555999419,0.056348814,0.,0.558848307,                75P   4012
0.055012155,0.,0.561075242,0.053967308,0.,0.566060937,                75P   4013
0.051601508,0.,0.570472719,0.049508039,0.,0.572902612,                75P   4014
0.04837575,0.,0.576852098,0.046535357,0.,0.579804297,                 75P   4015
0.045253766,0.,0.583673431,0.043574121,0.,0.587551523,                75P   4016
0.042088392,0.,0.591990188,0.040387904,0.,0.597037899,                75P   4017
0.038709358,0.,0.602557076,0.036874033,0.,0.609234769,                75P   4018
0.034920002,0.,0.620586111,0.031598364,0.,0.63627679,0.0276311,       75P   4019
0.,0.647889143,0.024695009,0.,0.662807803,0.021182647,0.,             75P   4020
0.676581793,0.01793978,0.,0.691089649,0.014686822,0.,                 75P   4021
0.702562099,0.012114465,0.,0.711882639,0.010123494,0.,                75P   4022
0.721401825,0.008090091,0.,0.727088805,0.007002726,0.,                75P   4023
0.733113475,0.005850793,0.,0.733925505,0.005934541,0.,                75P   4024
0.734804045,0.006025149,0.,0.729413142,0.007564874,0.,0.,1.,0.,       75P   4025
0.,-1.;                                                               75P   4026
126,97,3,1,0,1,0,0.5,0.5,0.5,0.5,0.501953125,0.50390625,              77P   4027
0.505859375,0.5078125,0.509765625,0.51171875,0.515625,                77P   4028
0.51953125,0.5234375,0.52734375,0.53125,0.53515625,0.5390625,         77P   4029
0.54296875,0.546875,0.5546875,0.5625,0.5703125,0.578125,              77P   4030
0.5859375,0.59375,0.6015625,0.609375,0.6171875,0.625,0.6328125,       77P   4031
0.640625,0.6484375,0.65625,0.6640625,0.671875,0.6796875,0.6875,       77P   4032
0.6953125,0.703125,0.7109375,0.71875,0.7265625,0.734375,              77P   4033
0.7421875,0.75,0.7578125,0.765625,0.7734375,0.78125,0.7890625,        77P   4034
0.796875,0.8046875,0.8125,0.8203125,0.828125,0.8359375,0.84375,       77P   4035
0.8515625,0.859375,0.8671875,0.875,0.8828125,0.890625,                77P   4036
0.8984375,0.90625,0.9140625,0.921875,0.92578125,0.9296875,            77P   4037
0.93359375,0.9375,0.94140625,0.9453125,0.94921875,0.953125,           77P   4038
0.95703125,0.958984375,0.9609375,0.962890625,0.96484375,              77P   4039
0.966796875,0.96875,0.970703125,0.97265625,0.974609375,               77P   4040
0.9765625,0.978515625,0.98046875,0.982421875,0.984375,                77P   4041
0.986328125,0.9873046875,0.98828125,0.990234375,0.9921875,            77P   4042
0.994140625,0.99609375,0.998046875,1.,1.,1.,1.,1.,1.,1.,1.,1.,        77P   4043
1.,1.,1.,1.,1.,1.,1.,1.,1.,1.,1.,1.,1.,1.,1.,1.,1.,1.,1.,1.,1.,       77P   4044
1.,1.,1.,1.,1.,1.,1.,1.,1.,1.,1.,1.,1.,1.,1.,1.,1.,1.,1.,1.,1.,       77P   4045
1.,1.,1.,1.,1.,1.,1.,1.,1.,1.,1.,1.,1.,1.,1.,1.,1.,1.,1.,1.,1.,       77P   4046
1.,1.,1.,1.,1.,1.,1.,1.,1.,1.,1.,1.,1.,1.,1.,1.,1.,1.,1.,1.,1.,       77P   4047
1.,1.,1.,1.,1.,1.,1.,1.,1.,1.733982943,34.791764873,3500.,            77P   4048
1.876861968,34.719853394,3500.,2.156832727,34.56530507,3500.,         77P   4049
2.562710797,34.309045459,3500.,2.957794608,34.036087692,3500.,        77P   4050
3.345018817,33.750073934,3500.,3.727318084,33.454646348,3500.,        77P   4051
4.227920432,33.047128667,3500.,4.831748199,32.510212757,3500.,        77P   4052
5.516734712,31.82652702,3500.,6.158613908,31.101722172,3500.,         77P   4053
6.762837617,30.347389556,3500.,7.336461437,29.569606282,3500.,        77P   4054
7.886540967,28.774449458,3500.,8.413263281,27.963761898,3500.,        77P   4055
8.916815457,27.139386418,3500.,9.55865502,26.022861462,3500.,         77P   4056
10.308017296,24.596333886,3500.,11.129656616,22.84728359,3500.,       77P   4057
11.879750129,21.066081091,3500.,12.562546428,19.258247053,            77P   4058
3500.,13.180116171,17.42719637,3500.,13.736201654,15.576680568,       77P   4059
3500.,14.240148956,13.710924284,3500.,14.678112688,                   77P   4060
11.828944735,3500.,15.040176384,9.930742801,3500.,15.347188423,       77P   4061
8.022685982,3500.,15.596003242,6.106789951,3500.,15.786861408,        77P   4062
4.183688077,3500.,15.916660864,2.256002945,3500.,15.998934516,        77P   4063
0.325534305,3500.,16.047215272,-1.605918096,3500.,16.065544863,       77P   4064
-3.537845795,3500.,16.057965018,-5.469740331,3500.,                   77P   4065
16.025227636,-7.401374735,3500.,15.968084613,-9.332522037,            77P   4066
3500.,15.890863567,-11.263006416,3500.,15.797892111,                  77P   4067
-13.192652053,3500.,15.689788735,-15.121478134,3500.,                 77P   4068
15.567171925,-17.049503848,3500.,15.433602555,-18.976846072,          77P   4069
3500.,15.2926415,-20.903621687,3500.,15.142630241,                    77P   4070
-22.829659639,3500.,14.981910263,-24.754788873,3500.,                 77P   4071
14.813292549,-26.679317911,3500.,14.639588084,-28.603555271,          77P   4072
3500.,14.458447879,-30.527003638,3500.,14.267522947,                  77P   4073
-32.449165699,3500.,14.067403526,-34.37056471,3500.,                  77P   4074
13.858679856,-36.291723932,3500.,13.6410649,-38.211602425,            77P   4075
3500.,13.414271617,-40.129159251,3500.,13.177220701,                  77P   4076
-42.045878209,3500.,12.928832843,-43.963243096,3500.,                 77P   4077
12.672677797,-45.877360014,3500.,12.402502326,-47.79068544,           77P   4078
3500.,12.118404928,-49.701359583,3500.,11.825928389,                  77P   4079
-51.611168004,3500.,11.520770819,-53.518731269,3500.,                 77P   4080
11.198693277,-55.423658343,3500.,10.864540294,-57.326441973,          77P   4081
3500.,10.516962601,-59.226951507,3500.,10.152018083,                  77P   4082
-61.123672193,3500.,9.767506972,-63.01766375,3500.,9.429833512,       77P   4083
-64.59169417,3500.,9.149269733,-65.848421159,3500.,8.933124302,       77P   4084
-66.789333296,3500.,8.71074618,-67.728227899,3500.,8.480344332,       77P   4085
-68.667315385,3500.,8.240127718,-69.608806174,3500.,                  77P   4086
7.993712627,-70.545544047,3500.,7.744715346,-71.470372786,            77P   4087
3500.,7.488652919,-72.389780874,3500.,7.265644141,                    77P   4088
-73.156844138,3500.,7.07582507,-73.773401274,3500.,6.925722628,       77P   4089
-74.240502664,3500.,6.765849934,-74.71551787,3500.,6.599343032,       77P   4090
-75.193115638,3500.,6.429337967,-75.667964718,3500.,                  77P   4091
6.258377188,-76.13600638,3500.,6.089003146,-76.593181898,3500.,       77P   4092
5.927731769,-77.029992654,3500.,5.781078984,-77.43694003,3500.,       77P   4093
5.642028899,-77.821757026,3500.,5.503565619,-78.192176644,            77P   4094
3500.,5.347773055,-78.567789719,3500.,5.156735118,                    77P   4095
-78.968187086,3500.,4.910145873,-79.417697845,3500.,                  77P   4096
4.641440469,-79.853492221,3500.,4.387157763,-80.239189342,            77P   4097
3500.,4.106199548,-80.649707665,3500.,3.704116596,                    77P   4098
-81.209608059,3500.,3.210149164,-81.868528436,3500.,                  77P   4099
2.774662242,-82.426724639,3500.,2.453676673,-82.812254296,            77P   4100
3500.,2.3032133,-82.953175036,3500.,2.357969604,-82.831790231,        77P   4101
3500.,2.43446,-82.7042,3500.,0.5,1.,0.,0.,1.;                         77P   4102
126,130,2,1,0,1,0,0.,0.,0.,0.001953125,0.001953125,0.00390625,        79P   4103
0.00390625,0.0078125,0.0078125,0.01171875,0.01171875,0.015625,        79P   4104
0.015625,0.0234375,0.0234375,0.03125,0.03125,0.046875,0.046875,       79P   4105
0.0625,0.0625,0.078125,0.078125,0.09375,0.09375,0.125,0.125,          79P   4106
0.15,0.15,0.16875,0.16875,0.1875,0.1875,0.21875,0.21875,0.25,         79P   4107
0.25,0.28125,0.28125,0.3125,0.3125,0.328125,0.328125,0.34375,         79P   4108
0.34375,0.375,0.375,0.40625,0.40625,0.4375,0.4375,0.46875,            79P   4109
0.46875,0.5,0.5,0.53125,0.53125,0.5625,0.5625,0.59375,0.59375,        79P   4110
0.609375,0.609375,0.625,0.625,0.65625,0.65625,0.6875,0.6875,          79P   4111
0.71875,0.71875,0.75,0.75,0.765625,0.765625,0.78125,0.78125,          79P   4112
0.796875,0.796875,0.8125,0.8125,0.828125,0.828125,0.84375,            79P   4113
0.84375,0.859375,0.859375,0.875,0.875,0.8828125,0.8828125,            79P   4114
0.890625,0.890625,0.8984375,0.8984375,0.90625,0.90625,                79P   4115
0.9140625,0.9140625,0.91796875,0.91796875,0.921875,0.921875,          79P   4116
0.9296875,0.9296875,0.9375,0.9375,0.94140625,0.94140625,              79P   4117
0.9453125,0.9453125,0.94921875,0.94921875,0.953125,0.953125,          79P   4118
0.95703125,0.95703125,0.9609375,0.9609375,0.96484375,                 79P   4119
0.96484375,0.96875,0.96875,0.9765625,0.9765625,0.98046875,            79P   4120
0.98046875,0.984375,0.984375,0.9921875,0.9921875,1.,1.,1.,1.,         79P   4121
1.,1.,1.,1.,1.,1.,1.,1.,1.,1.,1.,1.,1.,1.,1.,1.,1.,1.,1.,1.,1.,       79P   4122
1.,1.,1.,1.,1.,1.,1.,1.,1.,1.,1.,1.,1.,1.,1.,1.,1.,1.,1.,1.,1.,       79P   4123
1.,1.,1.,1.,1.,1.,1.,1.,1.,1.,1.,1.,1.,1.,1.,1.,1.,1.,1.,1.,1.,       79P   4124
1.,1.,1.,1.,1.,1.,1.,1.,1.,1.,1.,1.,1.,1.,1.,1.,1.,1.,1.,1.,1.,       79P   4125
1.,1.,1.,1.,1.,1.,1.,1.,1.,1.,1.,1.,1.,1.,1.,1.,1.,1.,1.,1.,1.,       79P   4126
1.,1.,1.,1.,1.,1.,1.,1.,1.,1.,1.,1.,1.,1.,1.,1.,1.,1.,1.,1.,1.,       79P   4127
1.,1.,1.,1.,0.729413142,0.007564874,0.,0.727562089,0.008093563,       79P   4128
0.,0.723333268,0.009283814,0.,0.719012852,0.010499844,0.,             79P   4129
0.716884069,0.011107078,0.,0.711445901,0.012658312,0.,                79P   4130
0.704855387,0.014620091,0.,0.698360947,0.016553271,0.,                79P   4131
0.693141032,0.018162847,0.,0.687559256,0.019884005,0.,                79P   4132
0.682072316,0.021656421,0.,0.670788017,0.025301529,0.,                79P   4133
0.660957517,0.028808422,0.,0.651030352,0.032349799,0.,                79P   4134
0.641708505,0.036076178,0.,0.623786545,0.043240426,0.,                79P   4135
0.607791855,0.051167427,0.,0.593029162,0.058483849,0.,                79P   4136
0.579601169,0.0665886,0.,0.567577029,0.073846026,0.,                  79P   4137
0.555789441,0.082220262,0.,0.544995212,0.089888788,0.,                79P   4138
0.535142197,0.097954993,0.,0.516606934,0.113128949,0.,                79P   4139
0.501375009,0.129717788,0.,0.489965068,0.142144166,0.,                79P   4140
0.480482808,0.155293779,0.,0.473557846,0.164897034,0.,                79P   4141
0.467818484,0.174543597,0.,0.462387118,0.183672487,0.,                79P   4142
0.457524598,0.19382204,0.,0.449572692,0.210420073,0.,                 79P   4143
0.444847466,0.226040527,0.,0.440352261,0.240900582,0.,                79P   4144
0.437811632,0.25829164,0.,0.435316182,0.275373433,0.,                 79P   4145
0.435298541,0.290571445,0.,0.435281984,0.304834731,0.,                79P   4146
0.437490542,0.322849429,0.,0.438591821,0.33183231,0.,                 79P   4147
0.439924598,0.338984098,0.,0.441325271,0.346500214,0.,                79P   4148
0.443541491,0.355112563,0.,0.44763826,0.37103282,0.,                  79P   4149
0.453613281,0.387346747,0.,0.45962576,0.403762949,0.,                 79P   4150
0.467163047,0.419543419,0.,0.474395102,0.434684838,0.,                79P   4151
0.484225288,0.451691268,0.,0.494064413,0.46871316,0.,                 79P   4152
0.504301934,0.48378796,0.,0.514222441,0.498395956,0.,                 79P   4153
0.527700487,0.515818583,0.,0.540931812,0.532922284,0.,                79P   4154
0.553737192,0.547789698,0.,0.56658051,0.562701158,0.,                 79P   4155
0.58271646,0.579686185,0.,0.597646016,0.595401335,0.,                 79P   4156
0.614062272,0.611517473,0.,0.622902075,0.620195669,0.,                79P   4157
0.630576971,0.627407895,0.,0.637947579,0.634334176,0.,                79P   4158
0.647838389,0.643275166,0.,0.665979053,0.659673771,0.,                79P   4159
0.683780571,0.674963639,0.,0.701519334,0.690199606,0.,                79P   4160
0.721547591,0.706589402,0.,0.739821066,0.721543202,0.,                79P   4161
0.760848262,0.738160652,0.,0.777682872,0.75146477,0.,                 79P   4162
0.80116291,0.769694415,0.,0.807422357,0.774554182,0.,                 79P   4163
0.821503259,0.785454301,0.,0.834854381,0.795789493,0.,                79P   4164
0.841815768,0.801215156,0.,0.853552078,0.810362365,0.,                79P   4165
0.861836686,0.816987889,0.,0.872631583,0.825620989,0.,                79P   4166
0.881110436,0.832786436,0.,0.890783004,0.840960687,0.,                79P   4167
0.899125681,0.848627749,0.,0.907822479,0.856620253,0.,                79P   4168
0.915583469,0.864525703,0.,0.923173462,0.872256973,0.,                79P   4169
0.93041894,0.880467269,0.,0.936862458,0.887768814,0.,                 79P   4170
0.94385969,0.89640738,0.,0.946384896,0.899524921,0.,0.95026098,       79P   4171
0.904408561,0.,0.954036045,0.909164924,0.,0.956604243,                79P   4172
0.912452172,0.,0.960422064,0.917338917,0.,0.962745113,                79P   4173
0.920524374,0.,0.965935494,0.92489915,0.,0.968178388,                 79P   4174
0.928551489,0.,0.970743945,0.932729254,0.,0.97239045,                 79P   4175
0.936462491,0.,0.973141087,0.938164463,0.,0.973950441,                79P   4176
0.940362847,0.,0.974229497,0.941120827,0.,0.975336169,                79P   4177
0.94426109,0.,0.977062797,0.949160521,0.,0.978434933,                 79P   4178
0.952200148,0.,0.980528614,0.956838182,0.,0.983231203,                79P   4179
0.960544035,0.,0.984247462,0.961937551,0.,0.986714645,                79P   4180
0.964955485,0.,0.989121681,0.967899844,0.,0.990229443,                79P   4181
0.969438402,0.,0.99205244,0.97197034,0.,0.992811829,                  79P   4182
0.973867728,0.,0.993742021,0.976191882,0.,0.993356925,                79P   4183
0.978115458,0.,0.992926125,0.980267325,0.,0.990832314,                79P   4184
0.98204247,0.,0.98853731,0.983988187,0.,0.984199114,0.98551932,       79P   4185
0.,0.979584801,0.987147906,0.,0.972400454,0.988411523,0.,             79P   4186
0.965343829,0.989652676,0.,0.955221034,0.990647196,0.,                79P   4187
0.936406454,0.992495646,0.,0.909480649,0.993273394,0.,                79P   4188
0.89692003,0.993636206,0.,0.883441837,0.993740207,0.,                 79P   4189
0.870286327,0.993841718,0.,0.857110221,0.99369049,0.,                 79P   4190
0.831892279,0.993401052,0.,0.807600195,0.992193387,0.,                79P   4191
0.785792387,0.991109227,0.,0.763591268,0.98919596,0.,0.,1.,0.,        79P   4192
0.,-1.;                                                               79P   4193
126,115,3,1,0,1,0,0.,0.,0.,0.,0.00048828125,0.0009765625,             81P   4194
0.00146484375,0.001953125,0.0029296875,0.00390625,0.0048828125,       81P   4195
0.005859375,0.0068359375,0.0078125,0.009765625,0.01171875,            81P   4196
0.013671875,0.0146484375,0.015625,0.017578125,0.01953125,             81P   4197
0.021484375,0.0234375,0.025390625,0.02734375,0.029296875,             81P   4198
0.03125,0.033203125,0.03515625,0.037109375,0.0390625,                 81P   4199
0.041015625,0.04296875,0.044921875,0.046875,0.05078125,               81P   4200
0.0546875,0.05859375,0.0625,0.06640625,0.0703125,0.07421875,          81P   4201
0.078125,0.08203125,0.0859375,0.08984375,0.09375,0.1015625,           81P   4202
0.109375,0.1171875,0.125,0.1328125,0.140625,0.1484375,0.15625,        81P   4203
0.1640625,0.171875,0.1796875,0.1875,0.1953125,0.203125,               81P   4204
0.2109375,0.21875,0.2265625,0.234375,0.2421875,0.25,0.2578125,        81P   4205
0.265625,0.2734375,0.28125,0.2890625,0.296875,0.3046875,0.3125,       81P   4206
0.3203125,0.328125,0.3359375,0.34375,0.3515625,0.359375,              81P   4207
0.3671875,0.375,0.3828125,0.390625,0.3984375,0.40625,0.4140625,       81P   4208
0.421875,0.4296875,0.43359375,0.4375,0.44140625,0.4453125,            81P   4209
0.44921875,0.453125,0.45703125,0.4609375,0.46484375,                  81P   4210
0.466796875,0.46875,0.470703125,0.47265625,0.474609375,               81P   4211
0.4765625,0.478515625,0.48046875,0.482421875,0.484375,                81P   4212
0.486328125,0.48828125,0.490234375,0.4921875,0.494140625,             81P   4213
0.49609375,0.498046875,0.5,0.5,0.5,0.5,1.,1.,1.,1.,1.,1.,1.,1.,       81P   4214
1.,1.,1.,1.,1.,1.,1.,1.,1.,1.,1.,1.,1.,1.,1.,1.,1.,1.,1.,1.,1.,       81P   4215
1.,1.,1.,1.,1.,1.,1.,1.,1.,1.,1.,1.,1.,1.,1.,1.,1.,1.,1.,1.,1.,       81P   4216
1.,1.,1.,1.,1.,1.,1.,1.,1.,1.,1.,1.,1.,1.,1.,1.,1.,1.,1.,1.,1.,       81P   4217
1.,1.,1.,1.,1.,1.,1.,1.,1.,1.,1.,1.,1.,1.,1.,1.,1.,1.,1.,1.,1.,       81P   4218
1.,1.,1.,1.,1.,1.,1.,1.,1.,1.,1.,1.,1.,1.,1.,1.,1.,1.,1.,1.,1.,       81P   4219
1.,1.,1.,2.43446,-82.7042,3500.,2.453582599,-82.672302442,            81P   4220
3500.,2.493980109,-82.605437005,3500.,2.558750997,                    81P   4221
-82.498972473,3500.,2.625414199,-82.389386155,3500.,                  81P   4222
2.713778472,-82.243168132,3500.,2.817553041,-82.067814078,            81P   4223
3500.,2.93751092,-81.860627347,3500.,3.059014825,-81.648047319,       81P   4224
3500.,3.178712719,-81.434952331,3500.,3.293252568,                    81P   4225
-81.226220716,3500.,3.442025473,-80.948667535,3500.,                  81P   4226
3.626085868,-80.593651267,3500.,3.839446512,-80.161389111,            81P   4227
3500.,4.007268316,-79.801532643,3500.,4.136929246,                    81P   4228
-79.511355842,3500.,4.26398941,-79.218815013,3500.,4.418807384,       81P   4229
-78.847138412,3500.,4.597009651,-78.39549513,3500.,4.766464887,       81P   4230
-77.942190033,3500.,4.928193174,-77.485920054,3500.,                  81P   4231
5.083214597,-77.025382128,3500.,5.231140211,-76.563212818,            81P   4232
3500.,5.371581068,-76.10204869,3500.,5.505700262,-75.639879678,       81P   4233
3500.,5.634660883,-75.174695719,3500.,5.758756162,                    81P   4234
-74.707228025,3500.,5.878279327,-74.238207809,3500.,                  81P   4235
5.993523607,-73.768366282,3500.,6.104782231,-73.298434657,            81P   4236
3500.,6.212246685,-72.828122718,3500.,6.316108457,                    81P   4237
-72.357140249,3500.,6.450042558,-71.727882629,3500.,                  81P   4238
6.609410909,-70.938183196,3500.,6.788112241,-69.987670179,            81P   4239
3500.,6.95461103,-69.036413615,3500.,7.10981014,-68.083560913,        81P   4240
3500.,7.254612434,-67.128259483,3500.,7.389242604,                    81P   4241
-66.171359522,3500.,7.51392534,-65.213711227,3500.,7.629530423,       81P   4242
-64.254887776,3500.,7.73692763,-63.294462344,3500.,7.835760374,       81P   4243
-62.333274611,3500.,7.925672065,-61.37216426,3500.,8.03527059,        81P   4244
-60.089861118,3500.,8.156007398,-58.48370371,3500.,8.271923128,       81P   4245
-56.553801989,3500.,8.355920135,-54.624120178,3500.,                  81P   4246
8.414090953,-52.693802404,3500.,8.452528112,-50.761992797,            81P   4247
3500.,8.467005272,-48.829735233,3500.,8.45329609,-46.898073586,       81P   4248
3500.,8.419699525,-44.966237888,3500.,8.372202119,                    81P   4249
-43.034975066,3500.,8.296473898,-41.104462737,3500.,                  81P   4250
8.202117182,-39.174831481,3500.,8.089823226,-37.246173487,            81P   4251
3500.,7.960283288,-35.318580943,3500.,7.81246599,-33.392317142,       81P   4252
3500.,7.645339956,-31.46764538,3500.,7.46180917,-29.544435746,        81P   4253
3500.,7.264777618,-27.622558331,3500.,7.051316669,                    81P   4254
-25.702478957,3500.,6.818497694,-23.784663444,3500.,                  81P   4255
6.570404524,-21.868717032,3500.,6.311120993,-19.954244958,            81P   4256
3500.,6.037750534,-18.041771673,3500.,5.747396582,                    81P   4257
-16.131821627,3500.,5.442882416,-14.224048927,3500.,                  81P   4258
5.127031318,-12.318107682,3500.,4.800300824,-10.414010589,            81P   4259
3500.,4.463148471,-8.511770347,3500.,4.107686348,-6.612839887,        81P   4260
3500.,3.744061553,-4.71543916,3500.,3.371359881,-2.81981705,          81P   4261
3500.,2.988667126,-0.926222441,3500.,2.596992438,0.965548802,         81P   4262
3500.,2.197344969,2.855700814,3500.,1.791168634,4.744390367,          81P   4263
3500.,1.379183823,6.631864816,3500.,0.964375543,8.518701084,          81P   4264
3500.,0.547050754,10.404989749,3500.,0.12991835,12.291240634,         81P   4265
3500.,-0.282043492,14.17888563,3500.,-0.679023286,16.069523107,       81P   4266
3500.,-1.049223016,17.965335347,3500.,-1.38676749,19.868168798,       81P   4267
3500.,-1.63962255,21.460045232,3500.,-1.826723434,22.730859709,       81P   4268
3500.,-1.961262765,23.684927696,3500.,-2.091821017,                   81P   4269
24.642253274,3500.,-2.222211164,25.605073149,3500.,                   81P   4270
-2.350119318,26.573130297,3500.,-2.46323548,27.535276883,3500.,       81P   4271
-2.550988975,28.483448093,3500.,-2.60481348,29.410043733,3500.,       81P   4272
-2.654131567,30.198500435,3500.,-2.709246,30.851385845,3500.,         81P   4273
-2.764259878,31.358357568,3500.,-2.838799881,31.888884597,            81P   4274
3500.,-2.913982547,32.427965868,3500.,-2.970924417,                   81P   4275
32.960600316,3500.,-2.985528566,33.471980299,3500.,                   81P   4276
-2.937200219,33.944408929,3500.,-2.80545972,34.363567423,3500.,       81P   4277
-2.565069612,34.711466792,3500.,-2.207496868,34.977797716,            81P   4278
3500.,-1.765635655,35.170162549,3500.,-1.261762267,                   81P   4279
35.290679349,3500.,-0.723341922,35.345991122,3500.,-0.17892059,       81P   4280
35.339477054,3500.,0.342955759,35.274516332,3500.,0.837408391,        81P   4281
35.157988711,3500.,1.299558572,34.996773944,3500.,1.591103917,        81P   4282
34.863676352,3500.,1.733982943,34.791764873,3500.,0.,0.5,0.,0.,       81P   4283
-1.;                                                                  81P   4284
102,2,75,79;                                                          83P   4285
102,2,77,81;                                                          85P   4286
142,1,73,83,85,1;                                                     87P   4287
144,73,1,0,87;                                                        89P   4288
S      1G      5D     90P   4288                                        T      1
